sample number,time,species number,樹種,含水率,4000-5000,5000-6000,6000-7000,7000-8000,8000-9000,9000-10000
1,1,1,イチョウ,216.1290323,1.1279042857142851,0.9470727799227802,0.9175267953667949,0.6233621538461541,0.46481478764478773,0.4011186821705425
2,2,1,イチョウ,210.7526882,1.0995597297297293,0.9357660231660229,0.9040576061776063,0.6182200000000001,0.4683817760617761,0.4071364728682168
3,3,1,イチョウ,205.9139785,1.0480835907335901,0.895968532818533,0.8626874131274133,0.5964874615384618,0.45651849420849433,0.39755507751938013
4,4,1,イチョウ,201.0752688,1.0027083397683396,0.8603792664092671,0.8247891119691122,0.5755764615384615,0.4446411196911197,0.38831286821705446
5,5,1,イチョウ,196.2365591,0.9444121621621613,0.8135822007722007,0.7792697683397678,0.5511504615384613,0.43051613899613883,0.3769664728682169
6,6,1,イチョウ,191.3978495,0.8951262162162167,0.7732257142857145,0.7396510038610038,0.5287367307692304,0.41687884169884165,0.36581984496124015
7,7,1,イチョウ,186.5591398,0.8723110424710425,0.7542833204633201,0.7199705791505788,0.5166198846153844,0.4090921235521236,0.3594331782945737
8,8,1,イチョウ,182.2580645,0.8356493822393825,0.7223771814671818,0.6880989189189191,0.4967754999999997,0.39538204633204627,0.3473840697674418
9,9,1,イチョウ,177.4193548,0.795779691119691,0.6880761776061778,0.6553567181467187,0.4756868076923076,0.3802544787644788,0.33378542635658925
10,10,1,イチョウ,173.1182796,0.7593726254826255,0.6551662162162157,0.6223364092664091,0.45169169230769207,0.36138003861003865,0.31639135658914724
11,11,1,イチョウ,168.2795699,0.7283851351351346,0.6249298455598459,0.5918332818532822,0.42704888461538465,0.3404084555984557,0.2967117441860466
12,12,1,イチョウ,163.9784946,0.6958446332046327,0.5916045945945945,0.5570960231660237,0.39724742307692307,0.31449250965250986,0.2726491472868218
13,13,1,イチョウ,159.6774194,0.6638418532818531,0.5558626640926642,0.520014208494208,0.3627735384615385,0.2834897297297297,0.2440601550387597
14,14,1,イチョウ,155.9139785,0.6218220077220076,0.5116558687258689,0.47293081081081045,0.3216129615384616,0.24789370656370657,0.211689031007752
15,15,1,イチョウ,151.6129032,0.5857011196911196,0.470904054054054,0.4290352123552121,0.28111076923076944,0.2120246718146719,0.17896639534883715
16,16,1,イチョウ,147.311828,0.5503849034749032,0.4333346718146718,0.38917760617760594,0.24361876923076925,0.178426833976834,0.14786445736434115
17,17,1,イチョウ,143.5483871,0.5018886100386102,0.38447119691119724,0.33935833976834023,0.2011632307692309,0.1427943629343629,0.11555096899224804
18,18,1,イチョウ,139.7849462,0.4547177992277988,0.33732501930501924,0.29103637065637056,0.16157688461538472,0.11084806949806945,0.0869787209302326
19,19,1,イチョウ,136.0215054,0.41441166023166004,0.2962586872586874,0.25086023166023197,0.12869884615384622,0.08444366795366791,0.06327891472868215
20,20,1,イチョウ,132.2580645,0.3804774903474903,0.2607570270270269,0.2168030115830118,0.0996990769230769,0.06078625482625485,0.04198550387596897
21,21,1,イチョウ,129.0322581,0.3633035907335909,0.24050810810810813,0.1972100772200773,0.08024388461538459,0.04404409266409265,0.026776744186046517
22,22,1,イチョウ,125.2688172,0.3550379536679533,0.22957227799227808,0.1871126254826255,0.06829526923076927,0.033233243243243234,0.016898449612403093
23,23,1,イチョウ,122.0430108,0.34972594594594614,0.2232041698841698,0.18152868725868715,0.06124842307692311,0.026759806949806956,0.010962751937984499
24,24,1,イチョウ,118.8172043,0.346062702702703,0.21891216216216217,0.1779905791505792,0.05656157692307693,0.022483166023166034,0.00715
25,25,1,イチョウ,115.5913978,0.3417371428571431,0.21500293436293436,0.1748957915057914,0.05293942307692304,0.019402277992277978,0.004528992248062017
26,26,1,イチョウ,112.3655914,0.33810706563706544,0.2115978378378379,0.17224467181467173,0.05024688461538462,0.017209382239382228,0.002700387596899225
27,27,1,イチョウ,109.1397849,0.33441988416988405,0.20802355212355214,0.1694526640926641,0.04796107692307692,0.01551490347490348,0.0012922093023255813
28,28,1,イチョウ,106.4516129,0.3307921235521237,0.2045740926640927,0.16675772200772213,0.046088076923076926,0.014310347490347491,0.0003537209302325575
29,29,1,イチョウ,103.2258065,0.3273026640926642,0.20135756756756756,0.16425722007722007,0.044507269230769225,0.013375019305019305,-0.000372170542635659
30,30,1,イチョウ,100.5376344,0.32457992277992276,0.19848637065637062,0.162032857142857,0.043101269230769235,0.012483050193050196,-0.0010700387596899224
31,31,1,イチョウ,97.31182796,0.3212095366795365,0.19543471042471033,0.15967239382239373,0.04166061538461537,0.011674671814671808,-0.0016375968992248058
32,32,1,イチョウ,94.62365591,0.3187184942084943,0.19288837837837836,0.15770185328185327,0.04046684615384614,0.010997104247104246,-0.002158720930232557
33,33,1,イチョウ,91.93548387,0.31612111969111995,0.19050532818532825,0.15587714285714296,0.03939923076923075,0.0104872972972973,-0.0024176356589147288
34,34,1,イチョウ,89.24731183,0.31413328185328177,0.18836173745173743,0.15424235521235513,0.03844638461538463,0.009994285714285718,-0.002735581395348838
35,35,1,イチョウ,86.55913978,0.311616023166023,0.18622393822393823,0.15258054054054043,0.03747134615384616,0.009476988416988418,-0.0030802713178294592
36,36,1,イチョウ,83.87096774,0.3089776447876448,0.18411633204633215,0.15095884169884174,0.03652142307692306,0.009031853281853281,-0.003308488372093024
37,37,1,イチョウ,81.1827957,0.30690366795366786,0.18191065637065645,0.14922382239382234,0.035493307692307685,0.008471428571428574,-0.0037349999999999987
38,38,1,イチョウ,78.49462366,0.30477077220077226,0.17975679536679545,0.1475628957528958,0.034501384615384614,0.007950270270270274,-0.004104341085271317
39,39,1,イチョウ,76.34408602,0.3025275289575288,0.1776666795366795,0.14593463320463307,0.03359065384615384,0.007505675675675673,-0.004304496124031006
40,40,1,イチョウ,74.19354839,0.30061849420849407,0.175492471042471,0.1442539382239382,0.03260523076923077,0.006974015444015444,-0.004704069767441859
41,41,1,イチョウ,71.50537634,0.2988406177606178,0.1736315444015444,0.14275305019305018,0.031730384615384626,0.006494401544401546,-0.005074999999999999
42,42,1,イチョウ,69.35483871,0.2963696525096524,0.17184861003861013,0.14132054054054055,0.031051076923076903,0.0062474131274131315,-0.005108294573643409
43,43,1,イチョウ,67.20430108,0.29429525096525105,0.17008586872586873,0.14006042471042474,0.030633115384615387,0.006384555984555984,-0.004684961240310079
44,44,1,イチョウ,64.51612903,0.2922589961389962,0.1683979922779923,0.13888243243243242,0.030276769230769232,0.006617606177606181,-0.0040865503875968994
45,45,1,イチョウ,62.3655914,0.29044640926640936,0.16660907335907338,0.13760976833976835,0.02976665384615384,0.006639999999999998,-0.0038325193798449605
46,46,1,イチョウ,60.21505376,0.28915482625482625,0.165108416988417,0.13654861003861007,0.029336038461538448,0.006641737451737455,-0.0036920542635658932
47,47,1,イチョウ,58.06451613,0.287490501930502,0.16351872586872584,0.13535725868725865,0.028776730769230766,0.006512509652509651,-0.0036214341085271315
48,48,1,イチョウ,56.4516129,0.2858394594594594,0.16217640926640933,0.13432602316602302,0.028279653846153847,0.0063432432432432425,-0.0036412015503875963
49,49,1,イチョウ,54.30107527,0.2849066795366795,0.1606395366795367,0.13316305019305008,0.02772630769230768,0.006117451737451737,-0.00379046511627907
50,50,1,イチョウ,52.15053763,0.28326235521235527,0.15976826254826262,0.1325073359073358,0.027484423076923083,0.006177181467181468,-0.0035048062015503876
51,51,1,イチョウ,50.53763441,0.2827520077220076,0.15886949806949813,0.13187575289575285,0.027270846153846166,0.006205830115830113,-0.003404108527131784
52,52,1,イチョウ,48.92473118,0.2816701930501929,0.15784150579150583,0.13117706563706566,0.026963538461538466,0.006222664092664093,-0.0032368217054263575
53,53,1,イチョウ,47.31182796,0.2811903474903475,0.15701355212355214,0.1304998841698841,0.02646634615384617,0.005848841698841698,-0.0035886046511627912
54,54,1,イチョウ,45.69892473,0.2802610038610037,0.1560337837837838,0.1296305791505792,0.02578930769230769,0.005258069498069498,-0.004217751937984496
55,55,1,イチョウ,44.08602151,0.2791820077220078,0.15508416988416993,0.12880413127413137,0.025157346153846162,0.004771389961389964,-0.004699147286821706
56,56,1,イチョウ,42.47311828,0.2788555984555982,0.15421501930501932,0.1280766023166024,0.02462226923076924,0.0043037451737451705,-0.005226666666666665
57,57,1,イチョウ,40.86021505,0.27831046332046333,0.15355424710424717,0.12752177606177606,0.02423815384615384,0.004050733590733591,-0.0053798449612403095
58,58,1,イチョウ,39.78494624,0.27816984555984553,0.15326312741312742,0.1272655984555984,0.0240745,0.003880656370656369,-0.005606124031007753
59,59,1,イチョウ,38.70967742,0.27766953667953664,0.15310258687258677,0.1271130888030888,0.02401603846153846,0.003910733590733593,-0.0054670542635658894
60,60,1,イチョウ,37.09677419,0.27779934362934344,0.15287976833976838,0.12693019305019307,0.02388584615384615,0.0037801930501930505,-0.005670697674418607
61,61,1,イチョウ,36.02150538,0.27755806949806955,0.15261471042471048,0.1267028571428571,0.023784076923076936,0.003728725868725869,-0.005683294573643411
62,62,1,イチョウ,34.94623656,0.27751061776061775,0.15241791505791502,0.1265489189189189,0.02370703846153846,0.00366876447876448,-0.005723914728682173
63,63,1,イチョウ,34.40860215,0.27682455598455585,0.15209486486486495,0.12631204633204632,0.023642000000000003,0.0037413899613899606,-0.005524224806201551
64,64,1,イチョウ,33.33333333,0.276410386100386,0.1517104633204633,0.12604084942084925,0.023518961538461548,0.0037008108108108092,-0.0055598837209302355
65,65,1,イチョウ,32.25806452,0.27638274131274126,0.15140729729729746,0.12579729729729724,0.02341630769230769,0.0036928571428571427,-0.005542403100775195
66,66,1,イチョウ,31.1827957,0.2758318532818533,0.15104104247104239,0.1255607335907335,0.023342884615384602,0.0037357915057915085,-0.005368837209302324
67,67,1,イチョウ,30.64516129,0.27554347490347475,0.1506496138996139,0.12527667953667954,0.023242076923076928,0.0037650579150579158,-0.005288720930232554
68,68,1,イチョウ,29.56989247,0.2751591891891892,0.15026555984555984,0.12501054054054053,0.02314911538461539,0.0037996911196911194,-0.005198294573643413
69,69,1,イチョウ,29.03225806,0.2752116602316601,0.14993567567567567,0.12480301158301171,0.023090269230769227,0.0038023552123552114,-0.005121279069767443
70,70,1,イチョウ,28.49462366,0.27433351351351354,0.1494865250965251,0.12446262548262545,0.02295719230769231,0.0038193050193050192,-0.005059186046511631
71,71,1,イチョウ,27.41935484,0.2743971042471041,0.14909996138996137,0.12415220077220071,0.02276573076923077,0.00370915057915058,-0.0051771317829457375
72,72,1,イチョウ,26.88172043,0.27427822393822393,0.1487445559845559,0.12386571428571434,0.022575499999999988,0.00356023166023166,-0.005313139534883719
73,73,1,イチョウ,26.34408602,0.2734990733590736,0.14832536679536673,0.12356270270270268,0.022477038461538448,0.0035918532818532815,-0.0052327906976744176
74,74,1,イチョウ,25.80645161,0.2729703861003859,0.14789320463320466,0.12325984555984552,0.022361884615384613,0.0035982239382239393,-0.005150813953488376
75,75,1,イチョウ,25.2688172,0.2728604247104246,0.14744081081081079,0.12291355212355216,0.022183038461538462,0.0035364478764478772,-0.005127093023255814
76,76,1,イチョウ,24.7311828,0.27209528957528956,0.14669362934362934,0.12238818532818527,0.021946576923076926,0.0034960617760617773,-0.005103372093023252
77,77,1,イチョウ,24.19354839,0.2714930888030886,0.14582467181467174,0.12174501930501927,0.021615269230769237,0.0033663320463320472,-0.005192480620155039
78,78,1,イチョウ,23.65591398,0.27025683397683387,0.1448727027027028,0.12105818532818534,0.021283384615384624,0.0032851737451737467,-0.005108604651162791
79,79,1,イチョウ,23.11827957,0.2695183397683397,0.14392822393822396,0.12037853281853285,0.020939153846153843,0.003155830115830114,-0.0051417441860465134
80,80,1,イチョウ,22.58064516,0.2684571814671814,0.14298239382239378,0.11971038610038615,0.020597192307692306,0.0030305405405405407,-0.0051913178294573665
81,81,1,イチョウ,22.58064516,0.2676802316602318,0.1418767953667953,0.1189220463320463,0.020172346153846166,0.0028711196911196902,-0.005297248062015505
82,82,1,イチョウ,22.04301075,0.2663058301158302,0.1405149806949808,0.1179597297297298,0.019671538461538463,0.002687181467181467,-0.005309186046511628
83,83,1,イチョウ,21.50537634,0.2654779536679535,0.13919243243243246,0.11705138996138992,0.019213461538461544,0.002525637065637066,-0.005397829457364339
84,84,1,イチョウ,20.96774194,0.26426065637065616,0.13797494208494207,0.11621918918918916,0.018913346153846156,0.0025555212355212356,-0.005228139534883722
85,85,1,イチョウ,20.43010753,0.26262003861003874,0.13699671814671815,0.11576351351351355,0.01903223076923077,0.003153976833976835,-0.004348914728682168
86,86,1,イチョウ,20.43010753,0.2618828957528957,0.13619710424710427,0.11552972972972977,0.01920873076923077,0.0037096138996139012,-0.0036373255813953484
87,87,1,イチョウ,19.35483871,0.2614919691119692,0.13553046332046328,0.11530073359073353,0.019351653846153852,0.0041872972972972974,-0.0030044961240310083
88,88,1,イチョウ,19.35483871,0.2604761389961389,0.13465455598455595,0.1149144015444015,0.019390999999999995,0.004535984555984553,-0.0025174806201550383
89,89,1,イチョウ,18.8172043,0.2593941312741312,0.1336563320463321,0.11437254826254828,0.01929457692307692,0.004768416988416989,-0.0021753488372093016
90,90,1,イチョウ,18.27956989,0.2586883011583011,0.1327349806949807,0.11387880308880305,0.019222999999999994,0.0049776833976833985,-0.0018795348837209304
91,91,1,イチョウ,18.27956989,0.25779872586872593,0.13182158301158295,0.11334042471042471,0.019080192307692312,0.005145598455598453,-0.0015880620155038756
92,92,1,イチョウ,17.74193548,0.2573833976833976,0.13102988416988423,0.11286679536679542,0.018930307692307694,0.005218841698841701,-0.0014516666666666664
93,93,1,イチョウ,17.20430108,0.2565847104247105,0.13036930501930505,0.11251073359073357,0.018876115384615384,0.005350617760617761,-0.0012072868217054265
94,94,1,イチョウ,17.20430108,0.2561770656370656,0.1298132818532818,0.11227146718146712,0.01890265384615385,0.005607606177606179,-0.0008268992248062015
191,1,3,ウエンジ,58.73493976,0.6976183397683396,0.5336510038610038,0.49744494208494233,0.2520458076923075,0.1707972200772201,0.19579077519379837
192,2,3,ウエンジ,54.21686747,0.6570158687258689,0.4919798455598457,0.4537866795366793,0.2190865384615385,0.14873965250965263,0.17678182170542628
193,3,3,ウエンジ,50.60240964,0.6108674903474902,0.45029038610038613,0.41147046332046344,0.18979188461538454,0.12577239382239389,0.153604031007752
194,4,3,ウエンジ,46.98795181,0.5125017760617762,0.36621617760617775,0.3300080308880307,0.13887399999999997,0.08716015444015446,0.11311224806201553
195,5,3,ウエンジ,43.97590361,0.4200522007722009,0.2811914671814672,0.245736447876448,0.08267596153846152,0.043605289575289564,0.06811116279069769
196,6,3,ウエンジ,40.96385542,0.37847934362934377,0.24048803088803103,0.20544270270270293,0.052443192307692295,0.01968150579150579,0.04505042635658915
197,7,3,ウエンジ,38.85542169,0.370485521235521,0.23039741312741321,0.19452069498069488,0.04257030769230771,0.011384208494208492,0.037427093023255815
198,8,3,ウエンジ,36.44578313,0.35897162162162183,0.21799810810810805,0.18317787644787634,0.03405469230769231,0.005360540540540541,0.03225023255813953
199,9,3,ウエンジ,34.3373494,0.35145494208494205,0.21019984555984553,0.1765569111969111,0.02998007692307692,0.003036332046332045,0.030639573643410856
200,10,3,ウエンジ,32.22891566,0.35199305019305016,0.210083861003861,0.1763724324324324,0.029601384615384616,0.002771969111969113,0.0305529457364341
201,11,3,ウエンジ,30.72289157,0.34720042471042495,0.20488555984555995,0.1719516216216217,0.02726707692307692,0.001717953667953668,0.030085310077519363
202,12,3,ウエンジ,28.91566265,0.3454282239382238,0.20243787644787634,0.16998513513513508,0.02606038461538461,0.0014591119691119696,0.030326550387596917
203,13,3,ウエンジ,27.40963855,0.34080250965250947,0.19636046332046325,0.1652398455598457,0.02362842307692307,0.0010286486486486492,0.030888604651162797
204,14,3,ウエンジ,26.5060241,0.3416745173745173,0.19609644787644792,0.16490938223938234,0.023350192307692308,0.0013195366795366792,0.03165399224806202
205,15,3,ウエンジ,25.30120482,0.3397905019305019,0.19327146718146707,0.16283351351351336,0.02256546153846153,0.0018414671814671814,0.03293744186046513
206,16,3,ウエンジ,24.39759036,0.33850555984555974,0.19130281853281847,0.16142525096525104,0.02203003846153846,0.0023430888030888035,0.034072403100775174
207,17,3,ウエンジ,23.19277108,0.3353803088803089,0.18715895752895756,0.1583895366795367,0.02057815384615385,0.002634517374517374,0.03521224806201549
208,18,3,ウエンジ,22.28915663,0.3347435521235521,0.1851424324324324,0.15676347490347484,0.019789038461538462,0.0026778764478764465,0.03568155038759692
209,19,3,ウエンジ,21.68674699,0.3332485714285717,0.1825730115830115,0.15511131274131276,0.018968423076923074,0.003045559845559846,0.03662147286821703
210,20,3,ウエンジ,21.08433735,0.3322479922779924,0.1806134749034748,0.15370115830115824,0.01822923076923077,0.003156216216216216,0.03712856589147283
211,21,3,ウエンジ,20.48192771,0.33089444015444014,0.17839459459459467,0.15206513513513525,0.017387923076923075,0.003082084942084942,0.037403488372093015
212,22,3,ウエンジ,19.57831325,0.3283716988416987,0.17591490347490343,0.15028772200772192,0.01659703846153846,0.003150347490347489,0.03788531007751938
213,23,3,ウエンジ,18.97590361,0.32797957528957555,0.17483818532818535,0.14957108108108114,0.016103,0.00321046332046332,0.038289224806201526
214,24,3,ウエンジ,18.37349398,0.3273689961389964,0.17347050193050192,0.14852007722007723,0.015355423076923076,0.0028602316602316623,0.038019186046511645
215,25,3,ウエンジ,18.07228916,0.32564722007721997,0.17151915057915051,0.14698216216216217,0.014500192307692308,0.0025101544401544412,0.037876007751938
216,26,3,ウエンジ,17.46987952,0.32374073359073363,0.16963644787644788,0.1456804247104247,0.01383476923076923,0.0024791891891891896,0.03817147286821703
217,27,3,ウエンジ,16.86746988,0.32302339768339783,0.16854594594594605,0.14493216216216206,0.01332288461538462,0.002393590733590734,0.03832344961240309
218,28,3,ウエンジ,16.56626506,0.3213827027027025,0.16661266409266412,0.14348729729729728,0.012526307692307694,0.002075096525096527,0.03815116279069768
219,29,3,ウエンジ,16.26506024,0.31998644787644787,0.16488007722007722,0.14220637065637062,0.011916230769230768,0.0019288803088803087,0.03818573643410851
220,30,3,ウエンジ,15.6626506,0.31941131274131246,0.16387393822393825,0.1415640154440154,0.011421153846153847,0.0018838996138996161,0.038376550387596894
221,31,3,ウエンジ,15.36144578,0.318466138996139,0.16282247104247113,0.14078108108108117,0.010934615384615385,0.0016881853281853294,0.0383641085271318
222,32,3,ウエンジ,14.75903614,0.3171083011583013,0.16119301158301158,0.1395739768339768,0.010421307692307695,0.0016096525096525095,0.03846147286821705
223,33,3,ウエンジ,14.45783133,0.31684081081081084,0.16050416988417,0.13919146718146713,0.010169153846153842,0.0017490733590733577,0.03879492248062016
224,34,3,ウエンジ,14.15662651,0.3163433590733591,0.15970181467181463,0.13872413127413122,0.009948038461538461,0.0018718918918918922,0.039099961240310135
225,35,3,ウエンジ,13.85542169,0.31561949806949813,0.15893111969111975,0.1381286486486487,0.009547961538461536,0.0016794980694980683,0.03900798449612402
226,36,3,ウエンジ,13.55421687,0.3146361389961389,0.1568508108108108,0.13687023166023163,0.009044961538461543,0.001790540540540539,0.03937802325581393
227,37,3,ウエンジ,13.25301205,0.31436378378378393,0.1567125482625483,0.1366437837837838,0.008893153846153846,0.0017777220077220093,0.03941957364341088
228,38,3,ウエンジ,12.95180723,0.31378992277992274,0.15574193050193041,0.1361407335907336,0.008675346153846148,0.00196073359073359,0.039860077519379825
229,39,3,ウエンジ,12.04819277,0.3127576833976832,0.15456621621621622,0.13532586872586877,0.00843830769230769,0.0020398841698841706,0.040055271317829474
230,40,3,ウエンジ,12.04819277,0.3128786486486486,0.1542517374517375,0.1352289961389962,0.008382384615384616,0.002285752895752896,0.04049050387596898
231,41,3,ウエンジ,11.74698795,0.31272741312741287,0.15368111969111975,0.134856138996139,0.008340153846153851,0.002481621621621622,0.04076178294573643
232,42,3,ウエンジ,11.44578313,0.3123801158301158,0.15325378378378376,0.13469212355212362,0.008436307692307693,0.002865598455598455,0.04133042635658913
233,43,3,ウエンジ,11.14457831,0.3116003474903475,0.1526835907335907,0.1344328957528959,0.008398269230769233,0.003182586872586872,0.04192011627906984
234,44,3,ウエンジ,10.84337349,0.31154741312741313,0.1523420077220077,0.13428833976833965,0.008460153846153845,0.0034512355212355217,0.042282403100775225
235,45,3,ウエンジ,10.54216867,0.3114227799227799,0.15179123552123558,0.1340051351351351,0.008326038461538456,0.0035660617760617775,0.04251918604651164
236,46,3,ウエンジ,10.54216867,0.3113768339768341,0.151539806949807,0.13386702702702702,0.00836126923076922,0.0038238996138996147,0.04288748062015504
237,47,3,ウエンジ,9.939759036,0.31083532818532805,0.1505989575289575,0.13342193050193055,0.008357807692307694,0.004197528957528955,0.04343864341085272
238,48,3,ウエンジ,9.939759036,0.3113252509652511,0.150980694980695,0.1337889961389961,0.008728,0.004596718146718147,0.04386410852713178
239,49,3,ウエンジ,9.638554217,0.31084861003861003,0.15076984555984557,0.1337654826254826,0.009021999999999995,0.005122625482625482,0.04458271317829463
240,50,3,ウエンジ,9.337349398,0.3111360617760617,0.15096482625482635,0.13408640926640927,0.009301807692307689,0.005510501930501928,0.045063062015503905
241,51,3,ウエンジ,9.036144578,0.3114723938223939,0.15064046332046332,0.13412961389961384,0.009448461538461532,0.00585081081081081,0.04552802325581393
242,52,3,ウエンジ,9.036144578,0.312316833976834,0.15120162162162157,0.13453359073359084,0.009637615384615385,0.005964594594594595,0.04562538759689924
243,53,3,ウエンジ,8.734939759,0.3119842471042471,0.15105158301158306,0.13445019305019304,0.009733961538461539,0.006143667953667951,0.04576201550387593
244,54,3,ウエンジ,8.43373494,0.3119648648648651,0.15120382239382235,0.13469548262548264,0.009910269230769231,0.0064637837837837825,0.04626093023255813
245,55,3,ウエンジ,8.43373494,0.3125264092664092,0.15115451737451746,0.1347637451737452,0.009937692307692312,0.006580000000000001,0.04643461240310079
246,56,3,ウエンジ,8.13253012,0.3131196525096523,0.15101200772200776,0.1346324710424711,0.00974015384615385,0.006296138996138998,0.04601538759689922
247,57,3,ウエンジ,8.13253012,0.3131174903474904,0.15082154440154444,0.13439710424710422,0.009586653846153845,0.006137297297297297,0.04576647286821702
248,58,3,ウエンジ,7.831325301,0.313388223938224,0.15073088803088808,0.1344883011583011,0.009645115384615387,0.006370772200772201,0.046103875968992264
249,59,3,ウエンジ,7.530120482,0.3140359459459459,0.1507294208494209,0.13453830115830112,0.00969019230769231,0.006452239382239383,0.04621205426356592
250,60,3,ウエンジ,7.530120482,0.3139136679536678,0.15062030888030895,0.13450976833976835,0.009627538461538463,0.006467104247104245,0.0462822093023256
251,61,3,ウエンジ,7.228915663,0.31397988416988437,0.15040837837837848,0.13435776061776072,0.009591461538461538,0.006423783783783778,0.046175697674418606
252,62,3,ウエンジ,7.228915663,0.31425791505791506,0.15057791505791507,0.13457397683397676,0.009783653846153846,0.006777876447876449,0.04675573643410851
253,63,3,ウエンジ,6.927710843,0.31482119691119703,0.15078108108108115,0.13480266409266406,0.009917769230769232,0.006935135135135136,0.046859418604651155
254,64,3,ウエンジ,6.927710843,0.3142103088803089,0.1507001544401545,0.13476185328185336,0.009958653846153846,0.007080077220077218,0.04710445736434108
255,65,3,ウエンジ,6.626506024,0.31400799227799225,0.15028111969111965,0.13450918918918925,0.009892076923076925,0.007083976833976832,0.04701096899224804
256,66,3,ウエンジ,6.626506024,0.31318034749034745,0.15010471042471035,0.13439065637065647,0.009944230769230771,0.00728942084942085,0.047364961240310095
257,67,3,ウエンジ,6.325301205,0.3130055212355212,0.1498149420849421,0.13417003861003862,0.009900307692307694,0.007313127413127415,0.0473546124031008
258,68,3,ウエンジ,6.024096386,0.31259146718146713,0.14970177606177604,0.13410397683397685,0.009817269230769225,0.007273667953667955,0.047316782945736414
259,69,3,ウエンジ,6.325301205,0.3120159073359075,0.14930559845559851,0.13384903474903473,0.009811500000000008,0.007395057915057913,0.047448643410852746
260,70,3,ウエンジ,6.024096386,0.3123161389961389,0.14927490347490344,0.1338952895752896,0.00983407692307692,0.007472200772200771,0.04751058139534885
261,71,3,ウエンジ,6.024096386,0.3119241312741311,0.1491246718146719,0.1337598069498069,0.00978876923076923,0.007496370656370659,0.04763461240310074
262,72,3,ウエンジ,6.024096386,0.31189328185328175,0.1488297683397683,0.1334645559845561,0.009701076923076925,0.007382702702702709,0.04742034883720934
263,73,3,ウエンジ,5.722891566,0.3109542857142857,0.14845000000000008,0.13337270270270263,0.009834346153846157,0.007796216216216222,0.04803220930232563
264,74,3,ウエンジ,5.722891566,0.31084223938223937,0.14847633204633204,0.13345034749034745,0.009929615384615382,0.007996949806949812,0.04827263565891474
265,75,3,ウエンジ,5.722891566,0.31026918918918917,0.14832397683397683,0.13333648648648647,0.009905384615384613,0.008030694980694985,0.048402519379844966
266,76,3,ウエンジ,5.421686747,0.309915444015444,0.14795768339768345,0.13310579150579158,0.009885230769230775,0.008118957528957528,0.04851841085271322
267,77,3,ウエンジ,5.120481928,0.3096771814671814,0.1478004247104248,0.13303339768339764,0.010031999999999992,0.008422509652509654,0.048892519379845
268,78,3,ウエンジ,5.120481928,0.3094711196911199,0.1477346718146718,0.1330413127413127,0.01008130769230769,0.00859972972972973,0.04914065891472873
269,79,3,ウエンジ,5.120481928,0.30901837837837826,0.14761069498069498,0.13292563706563698,0.009996076923076923,0.008506718146718146,0.04903317829457365
270,80,3,ウエンジ,5.120481928,0.3084119691119691,0.14726227799227792,0.13270853281853276,0.010006653846153844,0.008615250965250967,0.04917011627906976
271,81,3,ウエンジ,4.819277108,0.3079141312741313,0.14713030888030887,0.13257258687258688,0.009979730769230775,0.008661505791505795,0.04924201550387601
272,82,3,ウエンジ,4.819277108,0.3083412355212357,0.14717301158301163,0.13262142857142858,0.010012846153846159,0.00869127413127413,0.049295465116279
273,83,3,ウエンジ,4.819277108,0.3075511196911194,0.14692953667953668,0.13247150579150585,0.010119961538461538,0.008962393822393824,0.04965155038759688
274,84,3,ウエンジ,4.518072289,0.3074725868725869,0.1468872200772201,0.13251610038610032,0.01031192307692308,0.009260463320463326,0.05003806201550382
275,85,3,ウエンジ,4.518072289,0.3070908880308878,0.146824942084942,0.13251401544401534,0.010550769230769228,0.009637220077220078,0.050434457364341136
276,86,3,ウエンジ,4.518072289,0.30707081081081095,0.14674884169884164,0.13260586872586863,0.010755576923076918,0.009998108108108111,0.050935310077519405
277,87,3,ウエンジ,4.21686747,0.30699023166023165,0.14663270270270268,0.1325607722007723,0.010935884615384611,0.010297027027027025,0.051265658914728666
278,1,4,ウォールナット,156.25,1.1484920849420832,0.9464705405405405,0.8862056756756761,0.5849544230769227,0.42836756756756744,0.40121124031007743
279,2,4,ウォールナット,150.8333333,0.9930432818532815,0.8198320077220077,0.7716639768339767,0.5243556923076924,0.3992130888030892,0.3761255426356589
280,3,4,ウォールナット,146.6666667,0.8265094208494205,0.6797345559845559,0.6306857142857142,0.4361999615384616,0.338843976833977,0.32029558139534886
281,4,4,ウォールナット,142.9166667,0.7563354054054058,0.6169551737451738,0.5639338996138993,0.38826688461538467,0.3024567567567568,0.2864730620155042
282,5,4,ウォールナット,139.1666667,0.7061394980694983,0.5689984942084946,0.5128696911196908,0.3480148846153846,0.2697592664092664,0.2561879844961241
283,6,4,ウォールナット,136.25,0.6700851351351353,0.5328904247104248,0.4747203474903476,0.31613630769230777,0.24293749034749035,0.2313618604651162
284,7,4,ウォールナット,132.5,0.6400167181467181,0.5021532046332047,0.44258482625482615,0.28745315384615394,0.21766015444015438,0.20782457364341092
285,8,4,ウォールナット,129.5833333,0.6196577606177613,0.4785923166023165,0.41811173745173763,0.26368092307692303,0.19645664092664097,0.1887173255813954
286,9,4,ウォールナット,126.6666667,0.600456911196911,0.45521640926640905,0.39194444015444024,0.2376698076923076,0.17307027027027033,0.16743945736434104
287,10,4,ウォールナット,124.1666667,0.5747126640926639,0.4280379922779924,0.3633446332046331,0.21159276923076914,0.1504452895752897,0.1469054263565892
288,11,4,ウォールナット,120.8333333,0.5576078378378378,0.4076927799227802,0.3418773359073357,0.19128911538461543,0.13319081081081083,0.13170573643410857
289,12,4,ウォールナット,117.5,0.5461061389961389,0.39536899613899595,0.32960347490347497,0.17871900000000004,0.1219230115830116,0.12191957364341083
290,13,4,ウォールナット,115.4166667,0.5326740540540543,0.38153961389961405,0.3161415830115829,0.16525288461538462,0.10987563706563702,0.11140100775193794
291,14,4,ウォールナット,112.0833333,0.5237513513513515,0.3707666409266409,0.3057964092664094,0.15407419230769237,0.09995702702702698,0.10283856589147283
292,15,4,ウォールナット,109.5833333,0.5161538610038611,0.36330849420849437,0.2985317374517373,0.14611842307692313,0.09250092664092663,0.09642589147286823
293,16,4,ウォールナット,107.0833333,0.5092935907335908,0.3559684169884169,0.29119115830115827,0.13873065384615382,0.08582490347490349,0.09053872093023252
294,17,4,ウォールナット,104.1666667,0.5027594980694983,0.3492651351351352,0.2853125482625481,0.1331926923076923,0.08144505791505786,0.08712565891472872
295,18,4,ウォールナット,101.6666667,0.4939098455598456,0.3405030115830116,0.2773742471042469,0.12581792307692308,0.07535996138996144,0.0817313178294574
296,19,4,ウォールナット,99.58333333,0.486842741312741,0.333318030888031,0.27030181467181474,0.1196285,0.06989146718146717,0.07692325581395348
297,20,4,ウォールナット,96.25,0.4774075675675677,0.3243130115830117,0.2617881081081083,0.11239634615384612,0.06418193050193048,0.0721186434108527
298,21,4,ウォールナット,94.16666667,0.4676752895752897,0.31522702702702704,0.25370544401544376,0.10634084615384619,0.05980621621621623,0.06875523255813953
299,22,4,ウォールナット,91.25,0.4583924324324324,0.3071101930501931,0.24641772200772205,0.10125330769230764,0.05637158301158302,0.06632147286821707
300,23,4,ウォールナット,89.16666667,0.44740054054054074,0.2970593822393822,0.2370561776061776,0.09502838461538458,0.0520733976833977,0.06272930232558142
301,24,4,ウォールナット,85.83333333,0.4431424710424711,0.2918023552123551,0.23240250965250966,0.09161634615384613,0.04974972972972975,0.06085395348837213
302,25,4,ウォールナット,84.16666667,0.4304858687258688,0.2808593436293438,0.22267030888030878,0.08557203846153848,0.04565872586872587,0.05707534883720931
303,26,4,ウォールナット,81.25,0.42111258687258685,0.271782972972973,0.21442393822393815,0.08059423076923074,0.042694362934362934,0.054513062015503856
304,27,4,ウォールナット,79.16666667,0.4143164864864864,0.2653927027027028,0.20896640926640933,0.07670426923076923,0.039935096525096525,0.05181155038759692
305,28,4,ウォールナット,77.5,0.40883613899613885,0.25989015444015445,0.2035713899613898,0.0729693846153846,0.037008030888030875,0.048924302325581405
306,29,4,ウォールナット,75.41666667,0.39979077220077186,0.2509681081081082,0.19507915057915062,0.06695761538461538,0.032706100386100376,0.044977441860465116
307,30,4,ウォールナット,73.33333333,0.3896715057915056,0.24177976833976833,0.1865616216216217,0.06152557692307692,0.029033552123552128,0.041733565891472854
308,31,4,ウォールナット,71.25,0.3825625482625485,0.2336894208494209,0.1783013513513514,0.05570903846153843,0.025064633204633202,0.03812248062015501
309,32,4,ウォールナット,69.16666667,0.372935328185328,0.22489907335907336,0.16974918918918924,0.04969057692307694,0.02088235521235521,0.034421627906976754
310,33,4,ウォールナット,67.91666667,0.37078517374517367,0.2213427413127414,0.1663856756756757,0.04642950000000001,0.018226679536679533,0.031814186046511594
311,34,4,ウォールナット,66.25,0.36468706563706565,0.21516162162162164,0.16048092664092659,0.04197150000000001,0.014645212355212349,0.028348914728682163
312,35,4,ウォールナット,64.16666667,0.3583061776061775,0.20925366795366782,0.1546865250965251,0.03736003846153845,0.01106513513513514,0.025136124031007758
313,36,4,ウォールナット,62.91666667,0.3540512741312739,0.20464783783783794,0.15024073359073353,0.03388196153846154,0.00858517374517374,0.023142558139534888
314,37,4,ウォールナット,61.25,0.35012104247104253,0.20026142857142853,0.14630324324324318,0.03070796153846154,0.006454208494208494,0.021581550387596907
315,38,4,ウォールナット,59.58333333,0.3496602702702703,0.19865617760617751,0.14488459459459455,0.028774846153846158,0.005031351351351352,0.020446666666666672
316,39,4,ウォールナット,58.33333333,0.34695243243243223,0.1960774903474903,0.1423089575289575,0.02678449999999999,0.0032785714285714306,0.01874934108527132
317,40,4,ウォールナット,56.66666667,0.343990579150579,0.19290667953667956,0.13936664092664103,0.02450076923076923,0.0015855212355212365,0.017277674418604647
318,41,4,ウォールナット,55.0,0.3420845945945946,0.19075262548262545,0.13750204633204638,0.023044076923076924,0.0007933976833976841,0.016873100775193786
319,42,4,ウォールナット,53.75,0.3405550579150579,0.18876084942084947,0.13587637065637065,0.021904192307692315,0.0003485328185328187,0.016857984496124037
320,43,4,ウォールナット,52.5,0.33812266409266434,0.18672667953667946,0.13430231660231673,0.020965730769230775,0.00010413127413127386,0.017000891472868224
321,44,4,ウォールナット,51.25,0.33865698841698827,0.18678949806949807,0.13454432432432425,0.02046315384615385,-0.00023772200772200817,0.01682232558139535
322,45,4,ウォールナット,50.0,0.3363049806949809,0.18429359073359067,0.13212023166023176,0.018761076923076925,-0.0016835907335907329,0.015350038759689924
323,46,4,ウォールナット,49.16666667,0.3350767567567566,0.18276509652509648,0.1307090733590734,0.017602692307692302,-0.002576409266409266,0.014479108527131771
324,47,4,ウォールナット,47.91666667,0.3336347876447876,0.1817299613899615,0.1299198455598456,0.01716734615384615,-0.0025862934362934366,0.014735852713178295
325,48,4,ウォールナット,46.66666667,0.3325210810810809,0.18053359073359085,0.12908235521235525,0.016816269230769232,-0.0024652123552123552,0.015097441860465114
326,49,4,ウォールナット,45.83333333,0.3334815444015443,0.18104687258687258,0.1296257528957528,0.016843769230769225,-0.0024197683397683403,0.015249341085271328
327,50,4,ウォールナット,44.58333333,0.33094486486486485,0.17906505791505792,0.12781517374517384,0.015612846153846152,-0.003316911196911196,0.014427248062015506
328,51,4,ウォールナット,43.75,0.3302925482625484,0.1781981467181467,0.12708494208494212,0.015110384615384616,-0.0036350579150579154,0.014169418604651155
329,52,4,ウォールナット,42.91666667,0.32924644787644786,0.17691208494208502,0.12615057915057917,0.014732846153846147,-0.0035418532818532822,0.014572751937984496
330,53,4,ウォールナット,42.5,0.3303756370656373,0.17751301158301164,0.12697930501930496,0.015019923076923071,-0.0030978378378378373,0.015108139534883725
331,54,4,ウォールナット,41.66666667,0.3286428957528957,0.1762660617760618,0.12565868725868723,0.014117884615384617,-0.003931274131274132,0.014275271317829462
332,55,4,ウォールナット,40.83333333,0.32792513513513494,0.1752562548262548,0.12468567567567568,0.013341461538461542,-0.004629150579150584,0.013562403100775201
333,56,4,ウォールナット,40.41666667,0.3278647490347491,0.17502687258687255,0.12451590733590726,0.013344269230769229,-0.004527142857142857,0.013743139534883715
334,57,4,ウォールナット,39.58333333,0.3261552509652509,0.17451891891891894,0.12426772200772195,0.013573923076923082,-0.0038316602316602324,0.014769069767441865
335,58,4,ウォールナット,39.58333333,0.32794671814671816,0.1756756756756758,0.12541065637065638,0.014058500000000003,-0.0033958301158301175,0.015216550387596898
336,59,4,ウォールナット,38.75,0.3265899227799227,0.174442084942085,0.12417644787644787,0.013219923076923068,-0.004208687258687259,0.014333139534883722
337,60,4,ウォールナット,37.91666667,0.327695057915058,0.17475065637065643,0.12451474903474898,0.01316203846153846,-0.004304092664092666,0.014206821705426361
338,61,4,ウォールナット,37.91666667,0.3259358687258688,0.1733667181467182,0.12321285714285711,0.012264461538461526,-0.005041621621621621,0.013466085271317823
339,62,4,ウォールナット,37.08333333,0.3251943243243245,0.17254158301158298,0.12255760617760615,0.012023730769230764,-0.005063397683397685,0.013576705426356592
340,63,4,ウォールナット,36.66666667,0.3246193050193052,0.1724228957528957,0.12258633204633206,0.012294769230769229,-0.004561814671814673,0.014303449612403108
341,64,4,ウォールナット,35.83333333,0.32435196911196923,0.1720401544401544,0.12242853281853285,0.012449730769230762,-0.00413810810810811,0.014861472868217065
342,65,4,ウォールナット,35.83333333,0.3238666023166025,0.17179965250965248,0.12226173745173746,0.012442307692307692,-0.004016254826254825,0.015135620155038748
343,66,4,ウォールナット,35.41666667,0.3232549806949807,0.17115864864864855,0.12181544401544403,0.01230542307692308,-0.003963706563706562,0.015279689922480622
344,67,4,ウォールナット,35.0,0.3236177220077221,0.17116787644787645,0.12207351351351342,0.012232884615384626,-0.0038459845559845607,0.015471395348837196
345,68,4,ウォールナット,34.16666667,0.3220809652509652,0.17033915057915058,0.12106478764478756,0.011363000000000007,-0.004855559845559847,0.014407906976744192
346,69,4,ウォールナット,34.16666667,0.32148567567567576,0.16917969111969106,0.11994849420849432,0.010418769230769228,-0.005876447876447876,0.01318065891472868
347,70,4,ウォールナット,33.75,0.3204211196911196,0.16822212355212354,0.1192530501930502,0.010110461538461533,-0.005897760617760618,0.013346860465116258
348,71,4,ウォールナット,33.33333333,0.31906683397683405,0.16739096525096528,0.11870528957528961,0.009988538461538472,-0.005717799227799228,0.013746240310077523
349,72,4,ウォールナット,32.91666667,0.31711606177606205,0.16558521235521234,0.11760401544401551,0.009465923076923082,-0.005664131274131277,0.014057441860465111
350,73,4,ウォールナット,32.91666667,0.3197340926640926,0.16786799227799215,0.11945459459459457,0.009978346153846138,-0.005620733590733593,0.013980271317829451
351,74,4,ウォールナット,32.08333333,0.3163497297297297,0.16497969111969113,0.11674849420849419,0.007959884615384619,-0.007592702702702705,0.011799961240310068
352,75,4,ウォールナット,32.08333333,0.31402212355212367,0.16307505791505794,0.11512660231660234,0.006834692307692311,-0.008552355212355214,0.010746976744186057
353,76,4,ウォールナット,31.66666667,0.3123101158301157,0.16175795366795376,0.11422656370656376,0.006562730769230777,-0.00845335907335908,0.011071899224806203
354,77,4,ウォールナット,31.25,0.3102270656370656,0.16048050193050195,0.11342285714285726,0.006367923076923075,-0.008223590733590733,0.01150313953488372
355,78,4,ウォールナット,30.83333333,0.3089065637065638,0.15926517374517368,0.11257760617760619,0.006025730769230772,-0.008334208494208496,0.011429379844961243
356,79,4,ウォールナット,30.41666667,0.30731579150579136,0.15796220077220072,0.11167868725868736,0.005604269230769229,-0.00845100386100386,0.011419728682170546
357,80,4,ウォールナット,30.41666667,0.30584471042471034,0.1569918146718146,0.11098127413127411,0.005223538461538447,-0.008626679536679534,0.011278759689922487
358,81,4,ウォールナット,29.16666667,0.3042137451737452,0.15600277992277997,0.11026764478764484,0.00485749999999999,-0.0087615444015444,0.011183178294573643
359,82,4,ウォールナット,29.16666667,0.3082319305019307,0.15816382239382243,0.11254583011583005,0.006259730769230769,-0.007158687258687261,0.013005697674418608
360,83,4,ウォールナット,28.75,0.3083512355212353,0.15788988416988411,0.11216895752895745,0.005826269230769238,-0.0076905791505791484,0.012281589147286833
361,84,4,ウォールナット,28.75,0.3071879150579148,0.15686822393822403,0.11129540540540543,0.005127307692307689,-0.008303938223938224,0.011592480620155039
362,85,4,ウォールナット,28.33333333,0.30614741312741317,0.15614200772200765,0.1108210424710425,0.0049552307692307665,-0.008260308880308875,0.011720465116279086
363,86,4,ウォールナット,27.5,0.3057967181467182,0.155725945945946,0.11060857142857147,0.005001730769230765,-0.008047104247104248,0.012025310077519377
364,87,4,ウォールナット,27.5,0.30461961389961406,0.15527602316602315,0.11039030888030889,0.005070961538461537,-0.007704015444015449,0.012567170542635663
365,88,4,ウォールナット,27.08333333,0.3044817374517375,0.1548202702702703,0.11011853281853277,0.005021846153846151,-0.0076042084942084965,0.012724689922480614
366,89,4,ウォールナット,25.83333333,0.3041705791505791,0.15501586872586864,0.11030629343629345,0.004441461538461532,-0.008312277992277996,0.011957209302325578
367,90,4,ウォールナット,26.66666667,0.30416262548262546,0.15438409266409264,0.10954065637065635,0.003745384615384617,-0.009215096525096528,0.010743217054263567
368,91,4,ウォールナット,25.83333333,0.3027084555984554,0.15319378378378373,0.10844409266409265,0.002863269230769235,-0.01006505791505791,0.009807403100775196
369,92,4,ウォールナット,26.25,0.30210386100386105,0.15252123552123567,0.10795826254826256,0.002619461538461547,-0.010178610038610035,0.0097086046511628
370,93,4,ウォールナット,25.41666667,0.30138494208494226,0.1519730115830115,0.10765837837837834,0.002650884615384611,-0.009905019305019306,0.010134457364341088
371,94,4,ウォールナット,25.41666667,0.3007418146718146,0.15154266409266412,0.10743853281853293,0.0026731153846153767,-0.009730888030888035,0.01032751937984495
372,95,4,ウォールナット,25.41666667,0.2999766409266409,0.15122513513513514,0.10724749034749033,0.0026387692307692306,-0.009658069498069502,0.010502829457364355
373,96,4,ウォールナット,25.0,0.3001862548262549,0.15134467181467184,0.10746355212355214,0.002440576923076922,-0.00986984555984556,0.010299302325581404
374,97,4,ウォールナット,25.0,0.3001150965250966,0.15108791505791508,0.10701505791505793,0.001985730769230763,-0.010553976833976833,0.009470193798449603
375,98,4,ウォールナット,25.0,0.29951293436293425,0.15038552123552124,0.10629567567567565,0.0013790384615384647,-0.011264401544401548,0.008612984496124033
376,99,4,ウォールナット,25.0,0.2990327027027028,0.15055416988416992,0.10653818532818532,0.0012851923076922925,-0.011362934362934365,0.008522093023255814
377,100,4,ウォールナット,24.58333333,0.2990737065637065,0.15020996138996134,0.10608552123552124,0.0010029230769230827,-0.01175254826254826,0.008010310077519385
378,101,4,ウォールナット,24.58333333,0.29922795366795363,0.15053050193050194,0.10640428571428573,0.0009238461538461479,-0.01191733590733591,0.007783139534883719
379,102,4,ウォールナット,24.58333333,0.2983164864864864,0.14956698841698837,0.10544432432432428,0.0002589615384615434,-0.012615521235521229,0.0070215116279069715
380,103,4,ウォールナット,24.58333333,0.29811861003861007,0.14907409266409266,0.10544262548262548,0.0005867307692307695,-0.011865945945945948,0.008045813953488369
381,104,4,ウォールナット,24.58333333,0.2981086100386102,0.1498207722007722,0.10575351351351352,0.0004119999999999982,-0.01245108108108108,0.007213527131782937
382,105,4,ウォールナット,24.16666667,0.2978536679536677,0.14910787644787651,0.10507517374517375,-0.00010019230769230765,-0.013022857142857142,0.006555077519379844
383,106,4,ウォールナット,24.58333333,0.29802057915057917,0.14963061776061778,0.10566096525096527,0.00017003846153844707,-0.012705637065637055,0.0070310077519379795
384,107,4,ウォールナット,24.58333333,0.29800490347490355,0.14969065637065634,0.10549301158301155,-4.003846153845984e-05,-0.01314,0.006405155038759692
385,108,4,ウォールナット,24.58333333,0.2975094594594596,0.14930034749034737,0.10509011583011586,-0.0002526538461538471,-0.013362586872586873,0.006195116279069774
386,109,4,ウォールナット,25.0,0.2969570656370658,0.14915285714285711,0.10512525096525091,0.00010726923076923092,-0.012776447876447881,0.006940116279069757
387,110,4,ウォールナット,25.0,0.2980259845559845,0.1501370656370657,0.10587077220077222,0.00026592307692308134,-0.012907451737451727,0.006715000000000006
388,1,5,クリ,180.3571429,1.138304054054054,0.9208385714285705,0.8681232818532819,0.5494174230769235,0.38302162162162134,0.3056017054263565
389,2,5,クリ,175.8928571,1.0370107722007718,0.846852162162163,0.786315598455598,0.5048389615384619,0.35987776061776106,0.2892193023255813
390,3,5,クリ,171.4285714,0.9087396911196906,0.7399506563706565,0.6765778764478763,0.43806776923076923,0.3156950579150582,0.2533821705426356
391,4,5,クリ,167.4107143,0.826306254826255,0.6628883397683395,0.5987697683397686,0.38065373076923087,0.2708052123552121,0.21462484496124024
392,5,5,クリ,163.8392857,0.7706980694980697,0.6091074903474905,0.5452691505791506,0.33773619230769214,0.23530528957528968,0.18336341085271335
393,6,5,クリ,159.8214286,0.7301188803088808,0.5709111196911197,0.5074601158301159,0.3071555769230769,0.20957733590733582,0.16043972868217046
394,7,5,クリ,156.25,0.6957132818532822,0.5377515057915059,0.4752799227799232,0.28032946153846144,0.1863618918918919,0.13927639534883712
395,8,5,クリ,152.6785714,0.6651524324324325,0.5104056756756757,0.44898872586872574,0.25960496153846163,0.1688250193050194,0.12321829457364337
396,9,5,クリ,149.1071429,0.6375956370656366,0.48521772200772223,0.4244428185328185,0.2400607692307693,0.15226640926640927,0.1080127519379845
397,10,5,クリ,145.5357143,0.6063436679536678,0.4560488030888031,0.39585679536679536,0.21774746153846153,0.13397471042471049,0.09150027131782945
398,11,5,クリ,142.4107143,0.5770511583011584,0.428951003861004,0.369524864864865,0.19699969230769226,0.11698567567567579,0.07626290697674418
399,12,5,クリ,138.8392857,0.5497691891891894,0.40406737451737457,0.3455502702702705,0.17871576923076923,0.10240899613899616,0.06321298449612406
400,13,5,クリ,135.7142857,0.5272366023166024,0.38323544401544396,0.32541710424710435,0.16302030769230774,0.08972254826254819,0.05189492248062015
401,14,5,クリ,132.5892857,0.5082092277992277,0.36532598455598436,0.3085951351351351,0.15006100000000003,0.07936057915057916,0.04257248062015502
402,15,5,クリ,129.4642857,0.4970577220077221,0.3549324710424712,0.2986516216216216,0.141501,0.07195177606177602,0.0357267441860465
403,16,5,クリ,126.3392857,0.48677764478764474,0.3446881467181469,0.2888931274131275,0.1331730769230769,0.06468810810810809,0.02889682170542637
404,17,5,クリ,123.6607143,0.4784471428571427,0.3366440540540539,0.28109903474903464,0.12608207692307694,0.05833671814671813,0.02298558139534886
405,18,5,クリ,120.5357143,0.47119667953667954,0.32850258687258704,0.2731839382239381,0.11866676923076926,0.05154247104247106,0.016500542635658907
406,19,5,クリ,117.8571429,0.46356841698841655,0.3209684555984557,0.26590204633204634,0.11185350000000002,0.04530830115830118,0.010651162790697687
407,20,5,クリ,115.1785714,0.4554750579150576,0.3124551737451737,0.25784416988416986,0.10446903846153847,0.03873818532818533,0.004477984496124029
408,21,5,クリ,112.5,0.4489779150579153,0.30566791505791496,0.2513423552123553,0.09831215384615383,0.033152586872586876,-0.0007911240310077523
409,22,5,クリ,109.375,0.44147521235521253,0.29771011583011586,0.24361911196911215,0.09135507692307693,0.027058841698841703,-0.006316666666666667
410,23,5,クリ,107.1428571,0.43542382239382216,0.29166694980694985,0.23790471042471034,0.0860286153846154,0.02237494208494209,-0.01061953488372092
411,24,5,クリ,104.4642857,0.42972961389961395,0.28571830115830127,0.23231884169884162,0.08085653846153848,0.01793142857142857,-0.014652906976744179
412,25,5,クリ,101.7857143,0.42467598455598443,0.2805240154440155,0.22743208494208492,0.0764398846153846,0.014151853281853284,-0.018035232558139536
413,26,5,クリ,99.10714286,0.41923436293436295,0.2752428185328185,0.22255447876447884,0.07229607692307692,0.010792239382239381,-0.02106856589147287
414,27,5,クリ,96.875,0.4141027413127415,0.2702308494208494,0.21788899613899604,0.06840199999999999,0.0076611969111969064,-0.02375352713178294
415,28,5,クリ,94.19642857,0.4095879150579152,0.2650607335907336,0.21323220077220073,0.06470746153846152,0.004839613899613896,-0.026236434108527135
416,29,5,クリ,91.96428571,0.4037899613899616,0.259651698841699,0.20834509652509642,0.060860346153846175,0.0019522393822393772,-0.028654961240310067
417,30,5,クリ,89.73214286,0.3980929343629343,0.2538695366795367,0.20318583011583002,0.05681299999999999,-0.0010493050193050232,-0.031191434108527125
418,31,5,クリ,87.05357143,0.3919778764478763,0.2481172972972973,0.19817849420849432,0.05314819230769229,-0.003568339768339765,-0.033158139534883724
419,32,5,クリ,84.82142857,0.38543826254826263,0.2427238996138996,0.19349413127413126,0.04974703846153847,-0.005861737451737453,-0.03496325581395347
420,33,5,クリ,83.03571429,0.3796231660231659,0.23671868725868728,0.18823343629343633,0.04607473076923077,-0.00837177606177606,-0.03699356589147285
421,34,5,クリ,80.80357143,0.37318019305019295,0.2307002702702702,0.18306521235521234,0.042470615384615364,-0.010765444015444015,-0.038897558139534896
422,35,5,クリ,78.57142857,0.36638088803088803,0.22399996138996126,0.17720586872586871,0.03854576923076924,-0.01328011583011582,-0.040780736434108504
423,36,5,クリ,76.33928571,0.3592301158301159,0.21756810810810814,0.17159320463320485,0.03473534615384616,-0.015857722007722015,-0.04277864341085275
424,37,5,クリ,74.10714286,0.3529480694980697,0.21130532818532824,0.16625540540540526,0.031139846153846157,-0.018148996138996124,-0.044506511627906954
425,38,5,クリ,72.32142857,0.3461212355212356,0.2048727413127413,0.16086949806949807,0.027655384615384616,-0.0201654826254826,-0.04576046511627909
426,39,5,クリ,70.08928571,0.3408795752895752,0.1993649806949806,0.15629725868725872,0.024557576923076915,-0.022094131274131252,-0.04717193798449613
427,40,5,クリ,68.30357143,0.3349505405405408,0.19400069498069503,0.15181864864864866,0.021574576923076915,-0.023915521235521237,-0.048361821705426355
428,41,5,クリ,66.51785714,0.33042942084942106,0.18946293436293427,0.14809038610038602,0.019108038461538458,-0.025336447876447874,-0.049210736434108525
429,42,5,クリ,64.73214286,0.3256527027027026,0.18511478764478767,0.14450432432432436,0.016703,-0.026802084942084935,-0.050141162790697656
430,43,5,クリ,62.94642857,0.3212881467181467,0.18107625482625475,0.14103818532818543,0.014243461538461543,-0.028442084942084958,-0.051347751937984486
431,44,5,クリ,61.16071429,0.3178008494208494,0.17727216216216216,0.13791555984555984,0.01208430769230769,-0.029818378378378366,-0.05230763565891472
432,45,5,クリ,59.82142857,0.31454691119691136,0.17392181467181467,0.13518015444015447,0.01021507692307693,-0.030927181467181472,-0.05299050387596898
433,46,5,クリ,58.03571429,0.311845444015444,0.17096799227799234,0.1327238996138996,0.008427653846153842,-0.0322153281853282,-0.054037674418604666
434,47,5,クリ,56.25,0.30840888030888036,0.16786115830115825,0.13026355212355215,0.006806461538461546,-0.03309629343629344,-0.054497558139534864
435,48,5,クリ,54.91071429,0.3059580694980694,0.16507779922779925,0.12805034749034752,0.00528930769230769,-0.034023938223938205,-0.0551274031007752
436,49,5,クリ,53.125,0.3032753281853284,0.16280675675675668,0.12622119691119693,0.003975307692307693,-0.03484169884169887,-0.05564934108527133
437,50,5,クリ,52.23214286,0.3020968725868724,0.16118787644787647,0.12486722007722015,0.0027507692307692233,-0.03592725868725871,-0.05674631782945736
438,51,5,クリ,50.89285714,0.3007445559845561,0.1593760617760618,0.12327783783783786,0.00130615384615385,-0.037229575289575274,-0.05812093023255815
439,52,5,クリ,49.55357143,0.2994447876447876,0.15770671814671813,0.12182478764478774,5.338461538460579e-05,-0.0382776833976834,-0.05908922480620156
440,53,5,クリ,48.21428571,0.2975611969111966,0.15603772200772192,0.12042158301158293,-0.001072846153846166,-0.03913783783783785,-0.059888798449612445
441,54,5,クリ,46.875,0.29650571428571426,0.15452969111969103,0.11914567567567562,-0.002112576923076915,-0.03995888030888028,-0.060664069767441875
442,55,5,クリ,45.98214286,0.2950738223938223,0.15306942084942093,0.1179507335907336,-0.003020307692307678,-0.040622548262548255,-0.06118531007751939
443,56,5,クリ,44.64285714,0.29350644787644803,0.15158208494208483,0.11672540540540549,-0.003897499999999999,-0.04124312741312741,-0.06176248062015504
444,57,5,クリ,43.75,0.29233111969111963,0.15022803088803086,0.11562648648648648,-0.004709000000000004,-0.04180610038610033,-0.06220162790697673
445,58,5,クリ,42.41071429,0.2914416602316603,0.1489931660231661,0.11463471042471045,-0.00540680769230769,-0.04227065637065638,-0.06262096899224803
446,59,5,クリ,41.51785714,0.2898505405405405,0.14770714285714284,0.1135916602316602,-0.006108076923076905,-0.042695521235521214,-0.06285511627906981
447,60,5,クリ,40.625,0.2888614671814672,0.14649930501930505,0.11264289575289571,-0.006751384615384617,-0.04308250965250965,-0.0631229457364341
448,61,5,クリ,39.28571429,0.28772463320463315,0.14528760617760628,0.11168884169884172,-0.007382038461538458,-0.04345814671814672,-0.0634336046511628
449,62,5,クリ,38.39285714,0.2865738996138997,0.1440488416988417,0.11070814671814665,-0.008035730769230781,-0.04388405405405407,-0.06379065891472872
450,63,5,クリ,37.5,0.28563401544401534,0.14284293436293435,0.10974621621621625,-0.008651615384615383,-0.044216332046331984,-0.06393891472868216
451,64,5,クリ,36.60714286,0.2845772586872587,0.14164976833976828,0.10879293436293429,-0.009270769230769242,-0.044606718146718155,-0.06427565891472867
452,65,5,クリ,35.71428571,0.28303316602316597,0.1404268339768339,0.10782189189189187,-0.009861115384615385,-0.04487285714285712,-0.06432724806201551
453,66,5,クリ,35.26785714,0.28168683397683375,0.13921957528957535,0.10686027027027035,-0.010431115384615391,-0.04514316602316603,-0.0644228682170543
454,67,5,クリ,34.375,0.28063444015444017,0.13799227799227798,0.1058710038610039,-0.011101692307692307,-0.04556872586872583,-0.06478868217054269
455,68,5,クリ,33.48214286,0.2802660617760619,0.1367699613899613,0.10490397683397691,-0.011739038461538454,-0.04599142857142858,-0.06514651162790695
456,69,5,クリ,33.03571429,0.27865131274131266,0.1354737065637066,0.1039038223938224,-0.012313269230769246,-0.04621795366795365,-0.06523379844961238
457,70,5,クリ,32.58928571,0.27694308880308893,0.13430409266409263,0.10296949806949802,-0.012881576923076935,-0.04647687258687256,-0.06530934108527134
458,71,5,クリ,31.69642857,0.2758464092664094,0.13328772200772196,0.10217779922779917,-0.013353730769230748,-0.04671803088803089,-0.06543519379844963
459,72,5,クリ,31.25,0.2751167181467182,0.1322828185328186,0.10141586872586866,-0.013846346153846145,-0.046996293436293426,-0.06562325581395345
460,73,5,クリ,30.80357143,0.27398393822393835,0.13127725868725867,0.10066640926640921,-0.014305961538461563,-0.04720034749034751,-0.06570771317829456
461,74,5,クリ,29.91071429,0.2731089575289576,0.13025440154440157,0.09989594594594596,-0.014807692307692301,-0.04748517374517373,-0.06596666666666672
462,75,5,クリ,29.46428571,0.2724001544401543,0.12930250965250972,0.09919220077220073,-0.015238307692307685,-0.047697683397683384,-0.06602751937984495
463,76,5,クリ,29.01785714,0.27170015444015444,0.1283755212355213,0.09850455598455603,-0.01569065384615383,-0.04794559845559844,-0.0662001162790697
464,77,5,クリ,28.57142857,0.27032420849420863,0.1274202702702703,0.0977937837837837,-0.016092576923076963,-0.0480898455598455,-0.06615763565891479
465,78,5,クリ,28.125,0.2696481081081082,0.12656208494208496,0.09718200772200768,-0.01644484615384615,-0.04821382239382236,-0.0661877519379845
466,79,5,クリ,27.67857143,0.268956640926641,0.12571467181467189,0.09654555984555975,-0.016835038461538446,-0.04842976833976833,-0.06630434108527136
467,80,5,クリ,27.23214286,0.2679300386100386,0.12487084942084942,0.09591652509652512,-0.017201384615384608,-0.048567335907335925,-0.06641189922480623
468,81,5,クリ,26.78571429,0.26708274131274123,0.12403270270270265,0.095316332046332,-0.01750973076923079,-0.04864019305019301,-0.06623441860465124
469,82,5,クリ,26.78571429,0.266418223938224,0.1233110810810811,0.09478034749034751,-0.01779069230769232,-0.04875791505791506,-0.06624868217054264
470,83,5,クリ,26.33928571,0.2655540540540541,0.12235810810810807,0.09404250965250971,-0.018142346153846172,-0.04892764478764481,-0.06635918604651161
471,84,5,クリ,25.89285714,0.2640585328185329,0.1213380694980695,0.09331305019305018,-0.018372346153846163,-0.04884756756756755,-0.06605717054263568
472,85,5,クリ,25.44642857,0.26358467181467177,0.12071652509652511,0.09304204633204638,-0.01817703846153846,-0.04830857142857139,-0.06517569767441861
473,86,5,クリ,25.0,0.26293,0.1200390347490348,0.0927367953667953,-0.01803403846153847,-0.04784776061776059,-0.06445038759689918
474,87,5,クリ,25.0,0.26096335907335905,0.11909903474903476,0.09219316602316603,-0.018088076923076932,-0.04748714285714284,-0.06375031007751934
475,88,5,クリ,24.10714286,0.2602310810810811,0.118146833976834,0.09153478764478759,-0.018415115384615384,-0.047577490347490335,-0.06369147286821704
476,89,5,クリ,24.10714286,0.2592496911196909,0.117471776061776,0.09117482625482627,-0.01848334615384617,-0.047396602316602324,-0.06343120155038756
477,90,5,クリ,23.66071429,0.25882077220077204,0.11694235521235521,0.09084710424710427,-0.018603615384615392,-0.04735092664092668,-0.06326186046511624
478,91,5,クリ,23.21428571,0.25856579150579145,0.11649119691119687,0.09056783783783781,-0.018760999999999996,-0.047384671814671785,-0.06328437984496126
734,1,8,スプルース,160.0840336,1.1915362162162162,0.9594733590733588,0.8741163706563708,0.544522846153846,0.36736204633204633,0.2855296899224808
735,2,8,スプルース,152.9411765,1.101085057915058,0.8897303474903473,0.8232968339768342,0.5217665384615385,0.3598289189189189,0.28089744186046506
736,3,8,スプルース,147.0588235,1.0159713513513515,0.820570077220078,0.7640527413127409,0.49441273076923126,0.34717042471042464,0.2718449612403102
737,4,8,スプルース,141.1764706,0.934440424710425,0.7526378378378373,0.6981527027027025,0.455451269230769,0.3226730888030887,0.2520989147286821
738,5,8,スプルース,135.7142857,0.8523696525096525,0.6818206177606178,0.6280723552123553,0.40913450000000007,0.29027957528957515,0.22501906976744196
739,6,8,スプルース,129.8319328,0.78023749034749,0.6169446332046332,0.56116416988417,0.36173100000000014,0.2554162162162161,0.19542108527131768
740,7,8,スプルース,124.789916,0.7102855984555981,0.5506378378378378,0.4914678378378379,0.30906603846153846,0.21474077220077228,0.16015368217054263
741,8,8,スプルース,119.7478992,0.6421999227799228,0.48661976833976833,0.4276241312741313,0.2603304615384615,0.17721370656370652,0.1278239147286822
742,9,8,スプルース,115.1260504,0.5925181853281853,0.43923250965250976,0.3811859073359076,0.22254884615384618,0.1468424710424711,0.10089689922480628
743,10,8,スプルース,110.5042017,0.5616259459459461,0.40725266409266425,0.3492948262548262,0.19342249999999997,0.12176814671814673,0.07813546511627903
744,11,8,スプルース,105.8823529,0.5338240540540546,0.3783689189189187,0.3210147104247104,0.16783950000000009,0.10015308880308893,0.05862786821705426
745,12,8,スプルース,101.2605042,0.5162319305019302,0.35881250965250955,0.30149602316602336,0.14855969230769225,0.0830630888030888,0.04286290697674419
746,13,8,スプルース,97.4789916,0.5049748262548265,0.345326254826255,0.28777254826254833,0.13310976923076923,0.06872679536679537,0.02960631782945738
747,14,8,スプルース,93.27731092,0.49736729729729773,0.3347042084942087,0.2773310038610038,0.12031442307692305,0.05644606177606178,0.01798325581395348
748,15,8,スプルース,89.49579832,0.49266471042471044,0.32775509652509666,0.2708543243243243,0.11130403846153844,0.047400038610038615,0.009194147286821703
749,16,8,スプルース,85.29411765,0.4889707335907337,0.32252741312741295,0.2663089961389962,0.10487326923076923,0.040836216216216234,0.0026482558139534875
750,17,8,スプルース,81.51260504,0.48522050193050165,0.31793633204633187,0.2625816988416986,0.09999930769230764,0.03591683397683398,-0.0023405426356589145
751,18,8,スプルース,78.1512605,0.4809954826254826,0.3130962548262548,0.2586512741312742,0.09564607692307692,0.03162594594594596,-0.006711860465116282
752,19,8,スプルース,74.78991597,0.4749653667953666,0.3075720077220077,0.2541714671814672,0.09151080769230768,0.02800988416988416,-0.010288333333333339
753,20,8,スプルース,71.42857143,0.4685474903474904,0.30139505791505783,0.24909957528957535,0.08727857692307689,0.024539575289575295,-0.013661434108527132
754,21,8,スプルース,68.06722689,0.46196845559845545,0.2943367181467182,0.24317972972972965,0.08257949999999997,0.02082428571428572,-0.017190658914728683
755,22,8,スプルース,65.12605042,0.45432579150579133,0.28698532818532824,0.23695783783783778,0.07772403846153847,0.01714389961389961,-0.020611279069767445
756,23,8,スプルース,62.60504202,0.4477606563706562,0.28023332046332045,0.23130853281853278,0.07346157692307687,0.013966679536679535,-0.023457713178294582
757,24,8,スプルース,59.66386555,0.44148127413127386,0.2735599613899613,0.22576571428571443,0.06927730769230771,0.01087992277992278,-0.026232751937984505
758,25,8,スプルース,56.72268908,0.43443131274131264,0.26723173745173756,0.22055397683397673,0.06546684615384614,0.008164903474903479,-0.028597015503875965
759,26,8,スプルース,54.20168067,0.4290637451737452,0.26160123552123543,0.21602335907335915,0.062266653846153826,0.005925559845559844,-0.030565813953488376
760,27,8,スプルース,51.68067227,0.4227972972972974,0.2560170656370656,0.21148254826254842,0.0590656153846154,0.00359822393822394,-0.03258531007751938
761,28,8,スプルース,49.57983193,0.41708837837837837,0.25077722007722003,0.20722347490347484,0.05611569230769232,0.001485984555984561,-0.034433333333333316
762,29,8,スプルース,47.05882353,0.4127120077220079,0.24586227799227794,0.20321320463320464,0.05332011538461539,-0.0006515830115830101,-0.036362364341085286
763,30,8,スプルース,44.95798319,0.406761196911197,0.24077729729729733,0.19906818532818538,0.05048603846153845,-0.0026798455598455654,-0.038108992248062
764,31,8,スプルース,42.43697479,0.40071884169884164,0.23570250965250958,0.19494177606177612,0.04769996153846155,-0.0046384942084942106,-0.039745503875969
765,32,8,スプルース,40.75630252,0.39486996138996155,0.23031953667953656,0.19055277992277994,0.04470673076923076,-0.006870000000000003,-0.041680465116279035
766,33,8,スプルース,38.65546218,0.38815610038610043,0.22477011583011572,0.18601903474903478,0.04164834615384616,-0.00906389961389961,-0.043539922480620136
767,34,8,スプルース,36.97478992,0.3827487644787643,0.21943552123552124,0.18162111969111971,0.03861588461538462,-0.01139818532818532,-0.045613565891472876
768,35,8,スプルース,34.87394958,0.3767936293436293,0.21421,0.17726984555984546,0.035637653846153854,-0.013597413127413124,-0.047549186046511614
769,36,8,スプルース,32.35294118,0.3699901544401544,0.20866189189189183,0.17264154440154428,0.03242126923076924,-0.016060656370656345,-0.049691046511627895
770,37,8,スプルース,31.09243697,0.3637311196911197,0.20315833976833975,0.16805212355212365,0.02923488461538461,-0.0185065637065637,-0.05188387596899225
771,38,8,スプルース,29.83193277,0.35607833976833986,0.19654243243243244,0.16245467181467171,0.025301115384615384,-0.021614710424710425,-0.05468775193798453
772,39,8,スプルース,28.1512605,0.34869424710424723,0.1902881853281853,0.1571506949806948,0.021517615384615385,-0.024630154440154442,-0.057433837209302396
773,40,8,スプルース,26.05042017,0.3423743243243243,0.1848343629343629,0.15249656370656378,0.018142153846153843,-0.027351660231660236,-0.059882519379845
774,41,8,スプルース,24.78991597,0.3350135907335905,0.1785582625482626,0.14715305019305017,0.014243000000000009,-0.030562200772200756,-0.06285782945736439
775,42,8,スプルース,23.52941176,0.3265921235521235,0.17194467181467182,0.14148046332046324,0.010155076923076928,-0.03385594594594596,-0.06577779069767442
776,43,8,スプルース,22.26890756,0.3162086872586871,0.16312015444015449,0.13396216216216217,0.004696115384615379,-0.038314208494208475,-0.06991348837209303
777,44,8,スプルース,21.00840336,0.3077572200772201,0.15600942084942085,0.12779826254826251,0.00012215384615384706,-0.042206254826254834,-0.07351414728682168
778,45,8,スプルース,19.32773109,0.2986599613899613,0.14892471042471034,0.12162023166023166,-0.004466538461538454,-0.0461034362934363,-0.07711155038759684
779,46,8,スプルース,18.48739496,0.2904984555984556,0.14194169884169885,0.11549281853281859,-0.009105923076923088,-0.05012683397683395,-0.08084996124031006
780,47,8,スプルース,17.64705882,0.28215050193050206,0.13536324324324311,0.10969969111969118,-0.01345930769230768,-0.053872084942085,-0.0844308527131783
781,48,8,スプルース,16.38655462,0.2736696525096523,0.12882389961389965,0.1039882625482626,-0.017715923076923067,-0.05747756756756755,-0.08778875968992249
782,49,8,スプルース,15.54621849,0.26652656370656375,0.12272880308880312,0.09861301158301157,-0.021801846153846144,-0.061074324324324324,-0.09119116279069768
783,50,8,スプルース,14.70588235,0.259615135135135,0.1172333204633205,0.09376046332046337,-0.025448807692307684,-0.06420625482625486,-0.09417379844961239
784,51,8,スプルース,13.44537815,0.2533614285714285,0.11211853281853278,0.08920888030888031,-0.028944192307692372,-0.06732189189189192,-0.09710864341085262
785,52,8,スプルース,13.44537815,0.24700042471042477,0.10748266409266402,0.08507397683397684,-0.032142461538461516,-0.07008289575289567,-0.09969922480620148
786,53,8,スプルース,13.02521008,0.24150949806949798,0.10330822393822402,0.08138401544401544,-0.03501119230769233,-0.07258212355212354,-0.10205217054263561
787,54,8,スプルース,12.18487395,0.23706088803088798,0.09968810810810813,0.07818081081081078,-0.03755734615384617,-0.07477760617760618,-0.10414914728682172
788,55,8,スプルース,11.34453782,0.23296610038610038,0.09661077220077223,0.07541138996138999,-0.03975619230769233,-0.07661138996138991,-0.10589062015503879
789,56,8,スプルース,10.92436975,0.2298903088803088,0.09403154440154436,0.07314640926640928,-0.041604461538461555,-0.07817073359073362,-0.10737069767441854
790,57,8,スプルース,10.50420168,0.22714706563706571,0.09206084942084945,0.07144563706563699,-0.04297938461538461,-0.079240694980695,-0.1082982945736434
791,58,8,スプルース,10.08403361,0.22491949806949804,0.09034999999999997,0.06996702702702699,-0.04416146153846155,-0.08023347490347492,-0.10919337209302317
792,59,8,スプルース,9.663865546,0.22263088803088799,0.08856930501930502,0.06835092664092661,-0.04554376923076923,-0.08138100386100384,-0.11016217054263568
793,60,8,スプルース,9.663865546,0.2212547104247103,0.08711266409266406,0.06692019305019299,-0.04682396153846151,-0.08255119691119694,-0.11131635658914722
794,61,8,スプルース,9.243697479,0.22043895752895748,0.08677698841698843,0.06675073359073358,-0.04690396153846153,-0.08253081081081082,-0.1112341085271318
795,62,8,スプルース,8.403361345,0.21921915057915062,0.08610316602316602,0.06648293436293427,-0.047044000000000016,-0.08257880308880312,-0.11119608527131786
796,63,8,スプルース,7.983193277,0.2177318918918918,0.0847961003861004,0.06561127413127417,-0.047682615384615365,-0.08299119691119689,-0.1116086821705427
797,64,8,スプルース,7.983193277,0.2154511969111969,0.08279961389961388,0.06401123552123548,-0.048913153846153835,-0.08392413127413129,-0.11246453488372089
798,65,8,スプルース,7.983193277,0.21328980694980698,0.08102648648648644,0.06255490347490347,-0.05004011538461539,-0.08478733590733592,-0.11321817829457367
799,66,8,スプルース,7.56302521,0.2113035907335907,0.07947644787644789,0.06132714285714288,-0.05100511538461534,-0.08552918918918914,-0.11387705426356587
800,67,8,スプルース,7.142857143,0.21032764478764465,0.07833853281853283,0.06049424710424709,-0.05160726923076922,-0.08597,-0.1142347286821706
801,68,8,スプルース,6.722689076,0.2087540154440154,0.0771923552123552,0.0596364864864865,-0.05224738461538462,-0.086391583011583,-0.11453802325581389
802,69,8,スプルース,6.722689076,0.20830374517374514,0.076372277992278,0.059055482625482617,-0.05274188461538464,-0.08678169884169883,-0.11488383720930234
803,70,8,スプルース,6.302521008,0.20779791505791506,0.07569223938223936,0.05858397683397686,-0.053128961538461535,-0.08711942084942077,-0.11525042635658916
804,71,8,スプルース,6.302521008,0.2072764478764479,0.07514814671814672,0.05816223938223942,-0.053452115384615397,-0.08735444015444017,-0.11542201550387593
805,72,8,スプルース,5.882352941,0.20687397683397676,0.07486007722007725,0.05795100386100384,-0.05357788461538461,-0.08738996138996138,-0.1154005426356589
806,73,8,スプルース,5.462184874,0.20675571428571446,0.07460617760617759,0.05774980694980696,-0.05372919230769228,-0.08750868725868717,-0.11551403100775197
807,74,8,スプルース,5.462184874,0.20589548262548252,0.07401474903474901,0.05734907335907337,-0.05396861538461536,-0.0876287258687259,-0.1155258139534884
808,75,8,スプルース,5.462184874,0.20499525096525098,0.07309907335907338,0.056686486486486484,-0.054396269230769255,-0.08788262548262545,-0.11570306201550389
809,76,8,スプルース,5.042016807,0.20466926640926636,0.07224644787644789,0.05607131274131279,-0.054836000000000024,-0.08824810810810813,-0.1160371705426356
810,77,8,スプルース,5.042016807,0.20289023166023168,0.07136131274131279,0.055443745173745194,-0.05518534615384611,-0.0883116988416988,-0.11597178294573637
811,78,8,スプルース,4.201680672,0.20267281853281846,0.07076996138996139,0.055045057915057885,-0.055487499999999995,-0.08852555984555993,-0.11614003875968992
812,79,8,スプルース,4.621848739,0.20241625482625494,0.07021830115830113,0.05464810810810813,-0.0557821153846154,-0.08874231660231659,-0.11633414728682166
813,80,8,スプルース,3.781512605,0.2014827027027026,0.0697549034749035,0.054333745173745236,-0.055972076923076895,-0.08880308880308872,-0.11631872093023249
814,81,8,スプルース,3.781512605,0.2011792277992278,0.0692799227799228,0.05401872586872589,-0.05616980769230769,-0.08886142857142862,-0.11628620155038759
815,82,8,スプルース,4.201680672,0.20073494208494197,0.06863891891891892,0.053581119691119734,-0.05651361538461542,-0.08913513513513503,-0.11658027131782953
816,83,8,スプルース,3.781512605,0.19986501930501915,0.06823714285714287,0.05330521235521236,-0.05664965384615387,-0.08913436293436292,-0.1164993410852713
817,84,8,スプルース,3.781512605,0.20136239382239385,0.0688810810810811,0.05395656370656366,-0.05613911538461542,-0.08861409266409269,-0.11597980620155042
818,85,8,スプルース,3.781512605,0.20066158301158304,0.06835706563706563,0.05367289575289575,-0.05621023076923075,-0.08851447876447875,-0.11573631782945742
819,86,8,スプルース,2.521008403,0.20008108108108108,0.06785258687258687,0.05329073359073362,-0.05652803846153847,-0.08874451737451736,-0.11600306201550391
820,87,8,スプルース,2.521008403,0.19959876447876443,0.06721455598455599,0.05274293436293437,-0.05697623076923079,-0.08916664092664092,-0.1164234108527132
821,88,8,スプルース,2.941176471,0.1985473359073358,0.06617710424710423,0.05198895752895753,-0.05745523076923076,-0.08946162162162163,-0.1166781007751938
822,89,8,スプルース,2.941176471,0.19771733590733595,0.06528864864864864,0.0513978378378378,-0.05778111538461538,-0.08960872586872587,-0.11675926356589143
823,90,8,スプルース,2.521008403,0.1966051351351352,0.06475594594594593,0.0510591891891892,-0.05791988461538462,-0.08954409266409262,-0.1165201162790698
824,91,8,スプルース,2.521008403,0.19655714285714296,0.06469177606177606,0.051088841698841675,-0.057805846153846145,-0.0893076833976834,-0.11623135658914725
825,92,8,スプルース,2.100840336,0.1961715057915058,0.06430702702702705,0.05091988416988419,-0.05776742307692303,-0.08913590733590732,-0.1159591472868217
826,93,8,スプルース,2.100840336,0.19509930501930509,0.06355733590733588,0.050449768339768344,-0.057933269230769247,-0.08908247104247102,-0.11577565891472873
827,94,8,スプルース,1.680672269,0.19496308880308882,0.06330548262548262,0.05032196911196913,-0.057934,-0.08894942084942085,-0.11557806201550384
828,95,8,スプルース,0.840336134,0.1944854826254826,0.06276625482625482,0.04999532818532823,-0.05806676923076925,-0.08892301158301157,-0.11541949612403092
829,96,8,スプルース,1.260504202,0.1940535521235522,0.06235104247104247,0.04973281853281851,-0.058184,-0.0889275675675675,-0.11536480620155039
830,97,8,スプルース,1.260504202,0.19359969111969105,0.06207698841698842,0.049576447876447834,-0.058238076923076955,-0.08885571428571437,-0.11524794573643408
977,1,11,チェリー,158.9211618,1.0376545945945952,0.8421618146718142,0.7998105791505788,0.5142756923076922,0.3480171042471044,0.2636753100775195
978,2,11,チェリー,155.6016598,1.0469590347490338,0.8436350579150577,0.7927752123552129,0.501700230769231,0.3377023166023163,0.2566129457364341
979,3,11,チェリー,152.6970954,1.029135984555984,0.8248043629343627,0.7702417760617764,0.48034507692307693,0.31967810810810804,0.24166213178294568
980,4,11,チェリー,150.2074689,1.0394425868725872,0.8303263320463323,0.771349536679537,0.47601811538461497,0.3144525096525097,0.23739081395348835
981,5,11,チェリー,147.3029046,1.0264816988416985,0.8168068339768341,0.7510220463320464,0.45828130769230807,0.30012405405405396,0.22544635658914727
982,6,11,チェリー,144.3983402,1.016752162162162,0.80801277992278,0.737224749034749,0.4458068076923079,0.28996972972972956,0.21690965116279082
983,7,11,チェリー,141.4937759,1.002673436293436,0.7952239768339766,0.7234000000000002,0.4338451153846156,0.28015853281853265,0.20804705426356568
984,8,11,チェリー,138.1742739,0.9632022393822396,0.7625787644787652,0.6913754440154439,0.41301492307692317,0.26521505791505795,0.19502344961240306
985,9,11,チェリー,136.0995851,0.8848444787644781,0.6994067953667952,0.6328645945945953,0.37952542307692305,0.2441765250965254,0.17779162790697658
986,10,11,チェリー,133.1950207,0.8349722779922777,0.65786722007722,0.5930906177606177,0.3547603076923077,0.22745200772200774,0.16392313953488366
987,11,11,チェリー,129.8755187,0.7943331660231661,0.6230773745173742,0.5607120077220076,0.33396246153846143,0.21265648648648647,0.15139085271317834
988,12,11,チェリー,126.5560166,0.761503745173746,0.5949602702702702,0.5356377220077216,0.31628665384615373,0.20011227799227793,0.14046782945736438
989,13,11,チェリー,124.8962656,0.7564820849420851,0.5897904247104245,0.5292152895752892,0.31104526923076914,0.19465961389961386,0.13492065891472854
990,14,11,チェリー,121.5767635,0.7454290733590738,0.5793060617760618,0.5187190347490348,0.3022510769230769,0.1864651737451737,0.12677410852713172
991,15,11,チェリー,119.0871369,0.7233342857142857,0.5571237837837838,0.49544563706563666,0.2825683846153846,0.16999200772200773,0.11228282945736437
992,16,11,チェリー,116.5975104,0.7012200386100381,0.5329975675675676,0.46955953667953687,0.25853142307692295,0.1488465637065637,0.09356697674418606
993,17,11,チェリー,113.6929461,0.6746780694980695,0.5045485328185327,0.43971042471042476,0.23120415384615392,0.12492030888030896,0.07236395348837206
994,18,11,チェリー,110.373444,0.6500290733590739,0.4792267953667956,0.4135494208494206,0.20777342307692312,0.10460007722007728,0.05435069767441858
995,19,11,チェリー,107.4688797,0.6235489575289578,0.45492513513513516,0.3896412741312738,0.18810388461538458,0.0882908494208494,0.03994852713178296
996,20,11,チェリー,104.1493776,0.5993262162162158,0.43259625482625497,0.3682673359073361,0.17168553846153844,0.07515776061776058,0.028389844961240307
997,21,11,チェリー,100.8298755,0.5774263320463321,0.4133901158301159,0.3498020849420851,0.15784830769230765,0.0644554826254826,0.019042325581395344
998,22,11,チェリー,97.51037344,0.5522119305019307,0.3926596911196912,0.3298266409266411,0.14373776923076922,0.05407061776061778,0.010122519379844961
999,23,11,チェリー,94.19087137,0.5252083783783783,0.3693997683397685,0.3078673359073359,0.12911726923076924,0.0438718918918919,0.0016593798449612408
1000,24,11,チェリー,90.87136929,0.49852555984555963,0.3471538223938225,0.2867491505791506,0.11537434615384616,0.03464432432432433,-0.005914806201550387
1001,25,11,チェリー,87.13692946,0.4803868339768338,0.3315321235521234,0.271975328185328,0.1051937307692308,0.027616563706563717,-0.01165174418604651
1002,26,11,チェリー,83.40248963,0.46547220077220064,0.3186084169884172,0.25953579150579137,0.09635215384615382,0.021385752895752903,-0.01677655038759691
1003,27,11,チェリー,80.08298755,0.4567997297297299,0.30988227799227797,0.2509412355212356,0.08961811538461538,0.016209343629343644,-0.02131573643410854
1004,28,11,チェリー,76.34854772,0.4498679922779921,0.30359945945945965,0.24495235521235506,0.08486388461538459,0.01256602316602317,-0.02446879844961242
1005,29,11,チェリー,72.61410788,0.4469138996138996,0.29988976833976844,0.2413488030888033,0.08155600000000002,0.009730270270270267,-0.02708856589147286
1006,30,11,チェリー,69.29460581,0.4432318532818533,0.29635054054054055,0.23789389961389948,0.07841342307692306,0.007156216216216211,-0.029397829457364334
1007,31,11,チェリー,65.56016598,0.4405181853281853,0.29372320463320467,0.23534081081081074,0.07619523076923075,0.005291428571428573,-0.031131201550387583
1008,32,11,チェリー,61.82572614,0.4378610038610041,0.2914077606177608,0.23309007722007738,0.07428157692307691,0.0037883783783783796,-0.032453023255813986
1009,33,11,チェリー,58.92116183,0.4355738996138995,0.2892095752895752,0.23104637065637054,0.07257919230769229,0.002466061776061778,-0.033642403100775174
1010,34,11,チェリー,55.60165975,0.43429841698841704,0.2875944401544401,0.22953640926640928,0.07131584615384616,0.0014531660231660256,-0.03454926356589146
1011,35,11,チェリー,52.69709544,0.4326228957528957,0.2858706949806949,0.22794227799227804,0.0700170769230769,0.0004723166023166001,-0.03540112403100773
1012,36,11,チェリー,49.79253112,0.42993528957528976,0.283312972972973,0.22574907335907343,0.06829138461538461,-0.0008732046332046272,-0.03668651162790698
1013,37,11,チェリー,46.8879668,0.42806818532818536,0.28180637065637065,0.22423142857142841,0.06727196153846154,-0.0017350965250965274,-0.03743282945736434
1014,38,11,チェリー,43.98340249,0.42494467181467166,0.27924741312741314,0.2217769111969113,0.06493080769230769,-0.0036184169884169864,-0.0392370930232558
1015,39,11,チェリー,41.07883817,0.42229305019305036,0.2754227027027027,0.2182718918918919,0.061422615384615395,-0.006651081081081082,-0.04215767441860464
1016,40,11,チェリー,38.58921162,0.4167246332046331,0.2702784942084942,0.21332976833976822,0.05735115384615384,-0.009830077220077227,-0.04502434108527131
1017,41,11,チェリー,36.09958506,0.4103904247104246,0.26446478764478776,0.2076076447876448,0.05321242307692307,-0.012997567567567574,-0.047872441860465104
1018,42,11,チェリー,33.60995851,0.40397853281853263,0.2575830115830116,0.20138305019305017,0.04849265384615386,-0.016422702702702716,-0.05075868217054269
1019,43,11,チェリー,31.53526971,0.394583590733591,0.2491583783783783,0.19402945945945937,0.043272461538461544,-0.01996424710424711,-0.053558682170542604
1020,44,11,チェリー,29.46058091,0.3846215057915056,0.24035324324324323,0.18633760617760625,0.03798465384615384,-0.023485019305019297,-0.05624875968992247
1021,45,11,チェリー,27.38589212,0.3727699999999998,0.22987413127413123,0.177187722007722,0.031878461538461536,-0.027505791505791504,-0.059423759689922466
1022,46,11,チェリー,25.72614108,0.36124586872586845,0.21974204633204633,0.16916706563706568,0.02626630769230768,-0.030743861003861023,-0.061509922480620136
1023,47,11,チェリー,24.4813278,0.3516986100386101,0.21194942084942084,0.16212833976833968,0.022022192307692316,-0.03356648648648649,-0.06374189922480622
1024,48,11,チェリー,22.82157676,0.3417959845559846,0.20376432432432431,0.1550776061776063,0.0175231923076923,-0.03647386100386101,-0.06599922480620149
1025,49,11,チェリー,21.99170124,0.3340777992277993,0.1968088030888031,0.14940247104247092,0.014235807692307688,-0.03808250965250965,-0.06674868217054258
1026,50,11,チェリー,20.74688797,0.32566073359073383,0.18986382239382232,0.14361146718146717,0.010741346153846136,-0.039914710424710426,-0.06774631782945735
1027,51,11,チェリー,19.50207469,0.3187576061776064,0.1834892277992278,0.13840980694980703,0.0072097692307692375,-0.04190343629343628,-0.06900178294573646
1028,52,11,チェリー,19.08713693,0.30944320463320446,0.1745359845559845,0.1305114285714285,0.0017912307692307618,-0.045519227799227825,-0.07185500000000004
1029,53,11,チェリー,17.42738589,0.2969127413127413,0.16286308880308872,0.12034478764478768,-0.005056769230769227,-0.049825173745173756,-0.07508325581395348
1030,54,11,チェリー,17.42738589,0.2839341312741313,0.15067783783783778,0.1099197297297297,-0.012117115384615375,-0.05421498069498071,-0.07836945736434109
1031,55,11,チェリー,17.01244813,0.27596081081081075,0.14247467181467185,0.10311687258687259,-0.016966153846153853,-0.05735656370656374,-0.08079062015503875
1032,56,11,チェリー,16.59751037,0.2670822393822396,0.13390223938223939,0.09604092664092666,-0.021793730769230763,-0.06060571428571433,-0.08334844961240308
1033,57,11,チェリー,15.3526971,0.2582481467181467,0.12604741312741308,0.0899032432432432,-0.02561884615384614,-0.06268841698841698,-0.08468767441860471
1034,58,11,チェリー,14.93775934,0.2514821235521237,0.11948154440154445,0.08482891891891893,-0.028779192307692315,-0.0644489575289575,-0.08585104651162791
1035,59,11,チェリー,14.52282158,0.24731563706563706,0.11549710424710433,0.0817830115830116,-0.0308861153846154,-0.06573405405405405,-0.08674558139534887
1036,60,11,チェリー,14.10788382,0.24331370656370657,0.11165127413127411,0.07860428571428577,-0.033101384615384574,-0.06739988416988421,-0.08821484496124035
1037,61,11,チェリー,13.69294606,0.23947810810810802,0.10819749034749034,0.0760061776061777,-0.0346303076923077,-0.06813451737451731,-0.08850267441860467
1038,62,11,チェリー,13.2780083,0.23627702702702705,0.10547617760617761,0.07405505791505795,-0.03567900000000002,-0.06848440154440154,-0.08842085271317832
1039,63,11,チェリー,12.44813278,0.23559617760617754,0.10416335907335905,0.07307660231660232,-0.036624730769230764,-0.06927038610038608,-0.08912767441860463
1040,64,11,チェリー,12.44813278,0.23344938223938239,0.10178899613899617,0.07107266409266409,-0.038131346153846175,-0.07059548262548265,-0.09051430232558136
1041,65,11,チェリー,12.03319502,0.23001362934362943,0.09937714285714284,0.06928691119691122,-0.039171269230769246,-0.07103351351351354,-0.09055833333333332
1042,66,11,チェリー,11.61825726,0.2283013899613899,0.0975423166023166,0.0680129343629343,-0.039822038461538464,-0.07125779922779915,-0.09052701550387596
1043,67,11,チェリー,11.61825726,0.22609826254826254,0.09525664092664092,0.06651903474903473,-0.040652269230769235,-0.07143776061776065,-0.09030302325581396
1044,68,11,チェリー,11.2033195,0.22534888030888015,0.09510351351351355,0.06618988416988418,-0.04120880769230771,-0.07210169884169883,-0.0910684108527132
1045,69,11,チェリー,11.2033195,0.22340092664092664,0.09318633204633207,0.06455629343629345,-0.04243911538461533,-0.07314138996138997,-0.09214492248062013
1046,70,11,チェリー,10.78838174,0.22176150579150591,0.09176857142857141,0.0634777606177606,-0.04303569230769227,-0.07344397683397687,-0.09233151162790694
1047,71,11,チェリー,10.37344398,0.21941667953667954,0.09041057915057917,0.06256957528957525,-0.04334869230769228,-0.0732233976833977,-0.09176810077519379
1048,72,11,チェリー,9.958506224,0.21843810810810813,0.08927138996138997,0.06180521235521235,-0.04368911538461539,-0.07328575289575293,-0.09167887596899224
1049,73,11,チェリー,9.543568465,0.21680362934362932,0.08804111969111972,0.06089521235521237,-0.04423434615384614,-0.07356660231660232,-0.0918335271317829
1050,74,11,チェリー,9.543568465,0.21537436293436282,0.08693189189189188,0.06006575289575294,-0.04472169230769229,-0.07377706563706564,-0.09190418604651165
1051,75,11,チェリー,9.128630705,0.2136740540540542,0.08572258687258691,0.059208725868725935,-0.045206923076923096,-0.07392814671814667,-0.0918537596899224
1052,76,11,チェリー,8.713692946,0.21288030888030884,0.08459281853281851,0.05840552123552127,-0.04572473076923076,-0.07427332046332048,-0.09213806201550398
1053,77,11,チェリー,8.713692946,0.2113730501930503,0.08339185328185329,0.057555830115830105,-0.046228461538461524,-0.07446131274131276,-0.09220290697674423
1054,78,11,チェリー,8.298755187,0.21229833976833992,0.08345602316602316,0.05775027027027025,-0.046419538461538436,-0.07459799227799224,-0.09227992248062011
1055,79,11,チェリー,7.883817427,0.21098501930501934,0.08227027027027026,0.05649586872586868,-0.04760573076923078,-0.07590725868725878,-0.09383127906976742
1056,80,11,チェリー,7.468879668,0.20970038610038602,0.08126783783783785,0.05560142857142855,-0.04835242307692307,-0.07656555984555986,-0.09450325581395357
1057,81,11,チェリー,7.468879668,0.209812084942085,0.08069903474903475,0.055197876447876416,-0.04860488461538462,-0.07676594594594593,-0.09469562015503886
1058,82,11,チェリー,7.053941909,0.20886667953667953,0.08028583011583017,0.055000000000000014,-0.048538269230769204,-0.07642799227799232,-0.09415236434108526
1059,83,11,チェリー,6.22406639,0.20866621621621628,0.07998289575289572,0.05492922779922774,-0.04837657692307692,-0.07605888030888032,-0.0936091860465116
1060,84,11,チェリー,6.22406639,0.20818285714285711,0.07974277992277995,0.05491830115830113,-0.04816276923076918,-0.07557594594594592,-0.09293282945736435
1061,85,11,チェリー,6.22406639,0.20953884169884188,0.08034737451737453,0.05535285714285715,-0.04810030769230771,-0.075709111969112,-0.09318523255813956
1062,86,11,チェリー,5.809128631,0.2085834362934363,0.07991915057915056,0.054905405405405415,-0.04848915384615384,-0.07602915057915055,-0.09350779069767436
1063,87,11,チェリー,4.979253112,0.2087368339768339,0.07975768339768344,0.054822084942084896,-0.04846069230769228,-0.07601023166023167,-0.09345992248062014
1064,88,11,チェリー,4.149377593,0.20881606177606168,0.07984444015444016,0.05499888030888032,-0.04815553846153851,-0.07554980694980698,-0.09288523255813957
1065,1,12,トチ,153.815261,1.4599303861003865,1.1607144787644783,1.0025543243243247,0.5767017692307693,0.3445647104247101,0.2343576356589147
1066,2,12,トチ,146.9879518,1.1652351737451734,0.9321107722007723,0.8037722779922779,0.4814096923076923,0.30385254826254815,0.20898620155038772
1067,3,12,トチ,140.562249,0.9726130888030884,0.7725052895752901,0.6701422007722008,0.41551526923076937,0.2743781467181466,0.1917851162790698
1068,4,12,トチ,134.939759,0.9279008494208498,0.7312145559845561,0.6324437451737454,0.3891761153846152,0.25544401544401535,0.17654627906976744
1069,5,12,トチ,129.7188755,0.8937190347490346,0.6978233590733594,0.6008746718146712,0.3649805384615385,0.23681942084942076,0.16105162790697677
1070,6,12,トチ,124.0963855,0.8644259073359071,0.666143629343629,0.5696663706563707,0.33835403846153844,0.21462027027027017,0.1419397674418604
1071,7,12,トチ,118.875502,0.8453601544401549,0.6459964864864867,0.5491301544401542,0.31911838461538455,0.19766505791505792,0.12688670542635658
1072,8,12,トチ,114.0562249,0.8364884942084944,0.6351984942084943,0.5380004247104244,0.3069649615384615,0.1859583783783784,0.11591720930232556
1073,9,12,トチ,109.2369478,0.8309460617760617,0.6277581081081084,0.5304837837837832,0.29787523076923067,0.17638579150579148,0.1063914341085271
1074,10,12,トチ,104.8192771,0.8227954440154444,0.6200808108108099,0.522445057915058,0.28952661538461527,0.16791768339768343,0.09801802325581395
1075,11,12,トチ,100.4016064,0.8176408880308883,0.6138850193050192,0.5163188416988418,0.2824026153846153,0.16066370656370652,0.09080984496124031
1076,12,12,トチ,96.78714859,0.8122061776061784,0.6071426254826255,0.5095208880308881,0.2745869230769229,0.15290081081081092,0.08316910852713175
1077,13,12,トチ,92.77108434,0.8040179922779923,0.5971416602316606,0.49970447876447843,0.26429123076923083,0.1431165637065637,0.07385290697674422
1078,14,12,トチ,89.15662651,0.787467297297298,0.5796835135135135,0.4819652509652508,0.24931384615384616,0.13062293436293432,0.06292267441860462
1079,15,12,トチ,85.54216867,0.7609808494208494,0.5536750193050192,0.4570457915057913,0.230281,0.1171577606177606,0.05268934108527133
1080,16,12,トチ,82.32931727,0.7371576447876447,0.5281905405405409,0.4330838996138996,0.21145034615384614,0.10387096525096529,0.0427431395348837
1081,17,12,トチ,79.11646586,0.7075520849420848,0.49931536679536653,0.4064071042471045,0.19163761538461532,0.08993444015444015,0.03220434108527132
1082,18,12,トチ,75.90361446,0.695349498069498,0.4842004247104246,0.39190969111969143,0.1763990769230769,0.07720447876447877,0.021295852713178264
1083,19,12,トチ,73.09236948,0.6791386872586874,0.4673737065637064,0.3759179536679536,0.16242499999999985,0.06579540540540538,0.011436821705426354
1084,20,12,トチ,70.2811245,0.6637639382239383,0.45080864864864867,0.36110799227799256,0.15020465384615392,0.056456563706563725,0.00383484496124031
1085,21,12,トチ,67.06827309,0.6490003088803092,0.43816196911196925,0.3508143629343629,0.1422707307692308,0.05102555984555985,-0.0003518217054263569
1086,22,12,トチ,64.25702811,0.6428771814671815,0.4309622393822393,0.3449709266409266,0.1378011538461539,0.04795571428571431,-0.0028431782945736437
1087,23,12,トチ,61.84738956,0.634924903474903,0.4224563706563708,0.33874722007722025,0.13325165384615387,0.045095250965251,-0.005256085271317827
1088,24,12,トチ,59.437751,0.6265580308880304,0.4155698455598455,0.33319301158301157,0.13033411538461537,0.043646370656370656,-0.00631468992248062
1089,25,12,トチ,57.02811245,0.616638494208494,0.40615262548262543,0.3263571814671811,0.1263898846153846,0.04198745173745176,-0.007205542635658913
1090,26,12,トチ,55.02008032,0.6058658687258687,0.3963314671814675,0.3182933204633206,0.12230430769230774,0.03996428571428573,-0.008532131782945743
1091,27,12,トチ,52.20883534,0.5885815830115831,0.38139474903474896,0.3065480694980695,0.11592076923076926,0.03715154440154439,-0.010031434108527137
1092,28,12,トチ,50.20080321,0.5732165637065638,0.3681130115830116,0.2955284555984554,0.11012269230769228,0.03436521235521234,-0.011839224806201554
1093,29,12,トチ,48.19277108,0.5550449034749032,0.35163718146718126,0.28199397683397687,0.1025703076923077,0.030662779922779913,-0.014073217054263563
1094,30,12,トチ,46.18473896,0.5406174131274127,0.33852451737451733,0.2710769884169885,0.0961673076923077,0.027480347490347504,-0.01605100775193798
1095,31,12,トチ,43.7751004,0.5280776833976834,0.3260622007722008,0.2608957915057916,0.08967988461538463,0.023852200772200773,-0.01847217054263565
1096,32,12,トチ,42.57028112,0.5189523166023166,0.3177190347490346,0.25377644787644793,0.08480992307692307,0.020480424710424713,-0.02125325581395349
1097,33,12,トチ,40.562249,0.5106932818532818,0.3094078764478766,0.24729613899613911,0.08035399999999998,0.017662779922779922,-0.02327317829457364
1098,34,12,トチ,38.95582329,0.5031524324324328,0.3026317760617759,0.24157432432432419,0.07656538461538462,0.015016795366795368,-0.02552767441860468
1099,35,12,トチ,37.34939759,0.4955308494208492,0.295200810810811,0.2357459073359074,0.07261784615384619,0.012458185328185324,-0.02747434108527134
1100,36,12,トチ,35.74297189,0.4870752509652508,0.28876355212355237,0.23026054054054057,0.0690138076923077,0.009856911196911204,-0.029742403100775194
1101,37,12,トチ,34.13654618,0.4796011196911199,0.2813849806949807,0.22442555984555984,0.06516092307692307,0.007320077220077219,-0.03170011627906977
1102,38,12,トチ,32.93172691,0.473124864864865,0.2760124324324323,0.21983436293436284,0.06220676923076921,0.005202972972972972,-0.0335451937984496
1103,39,12,トチ,31.3253012,0.4659801158301159,0.2692242084942084,0.21446687258687236,0.05856530769230768,0.002704633204633207,-0.035526162790697674
1104,40,12,トチ,30.12048193,0.45998046332046333,0.26337567567567566,0.20935297297297298,0.05518326923076921,-5.405405405404508e-05,-0.03809538759689921
1105,41,12,トチ,28.91566265,0.4531671814671815,0.25743656370656387,0.20467915057915073,0.05197319230769233,-0.002191235521235521,-0.03976585271317832
1106,42,12,トチ,27.71084337,0.44679783783783783,0.25212142857142866,0.19986590733590726,0.04861123076923075,-0.005044864864864856,-0.04247658914728683
1107,43,12,トチ,26.5060241,0.44165555984555965,0.2475669498069498,0.19605868725868733,0.04584061538461537,-0.007172239382239368,-0.04438259689922479
1108,44,12,トチ,25.30120482,0.43518656370656367,0.2423218146718146,0.19144447876447868,0.04274050000000001,-0.009693822393822393,-0.04670507751937987
1109,45,12,トチ,24.09638554,0.43147749034749033,0.23855428571428575,0.18824416988416987,0.04038626923076921,-0.011594864864864857,-0.048452170542635696
1110,46,12,トチ,22.89156627,0.42677984555984555,0.234800308880309,0.18507227799227807,0.0380531923076923,-0.013437490347490342,-0.05007375968992249
1111,47,12,トチ,22.48995984,0.42092061776061784,0.22982849420849427,0.18081459459459462,0.03512007692307694,-0.01585374517374519,-0.0523033333333333
1112,48,12,トチ,21.68674699,0.417394555984556,0.22689907335907336,0.17825822393822388,0.033229461538461534,-0.017378648648648645,-0.0537306201550388
1113,49,12,トチ,20.88353414,0.41465787644787666,0.2245379922779923,0.17675069498069526,0.03181707692307692,-0.018139227799227806,-0.05411341085271316
1114,50,12,トチ,20.08032129,0.4104493050193051,0.22120888030888045,0.1734862934362935,0.02947046153846154,-0.020473359073359097,-0.05658441860465117
1115,51,12,トチ,19.67871486,0.4039251737451739,0.21639100386100393,0.16927830115830123,0.026649230769230765,-0.022757760617760612,-0.05864531007751938
1116,52,12,トチ,18.87550201,0.39939845559845577,0.2130196911196912,0.1666848648648649,0.025077192307692304,-0.0236233976833977,-0.059074457364341054
1117,53,12,トチ,18.07228916,0.3942975289575288,0.20941436293436283,0.16359397683397683,0.023280576923076914,-0.024908648648648644,-0.060072868217054265
1118,54,12,トチ,17.67068273,0.39063679536679524,0.20657949806949807,0.16123868725868734,0.02164015384615384,-0.02625861003861003,-0.06125364341085272
1119,55,12,トチ,16.86746988,0.38542362934362917,0.2029132432432432,0.15826741312741305,0.01957069230769231,-0.02785822393822394,-0.06257267441860463
1120,56,12,トチ,16.46586345,0.38029440154440125,0.1997471428571428,0.15555471042471034,0.017894153846153855,-0.029207220077220073,-0.06378635658914728
1121,57,12,トチ,16.06425703,0.37664652509652524,0.19689814671814673,0.15334397683397682,0.016305923076923075,-0.0304412355212355,-0.06485131782945738
1122,58,12,トチ,15.6626506,0.37276181467181463,0.1937750193050192,0.1507271428571428,0.014690346153846161,-0.031706100386100396,-0.06596205426356588
1123,59,12,トチ,15.26104418,0.3694478764478764,0.1917408108108108,0.14906096525096518,0.01343165384615385,-0.032676332046332045,-0.06681934108527135
1124,60,12,トチ,14.45783133,0.36736405405405426,0.18949644787644784,0.14731652509652493,0.012207846153846149,-0.03364328185328184,-0.06761903100775195
1125,61,12,トチ,14.45783133,0.36496702702702694,0.1882682239382241,0.14606289575289588,0.01145653846153846,-0.03431154440154441,-0.06825887596899219
1126,62,12,トチ,13.65461847,0.365036833976834,0.18786571428571433,0.1457159073359072,0.011075615384615387,-0.034716216216216254,-0.06864856589147286
1127,63,12,トチ,13.65461847,0.3636788030888031,0.187247915057915,0.14491455598455594,0.010529461538461533,-0.035316602316602316,-0.06928980620155034
1128,64,12,トチ,13.65461847,0.3633653667953665,0.1872002316602316,0.14487084942084935,0.010436,-0.035431814671814624,-0.06939624031007746
1129,65,12,トチ,13.65461847,0.36260320463320456,0.1867838610038609,0.14459810810810805,0.010214500000000003,-0.035539227799227815,-0.06943740310077522
1130,66,12,トチ,13.25301205,0.3620870656370655,0.1866174903474903,0.14418725868725862,0.009932538461538458,-0.03601038610038613,-0.07006399224806192
1131,67,12,トチ,13.25301205,0.36188853281853284,0.18623119691119688,0.14399525096525104,0.009797269230769234,-0.036022123552123565,-0.06996313953488371
1132,68,12,トチ,13.25301205,0.36027370656370633,0.1853215444015445,0.1431026254826255,0.009286076923076918,-0.03647930501930503,-0.07041883720930228
1133,69,12,トチ,13.25301205,0.3599911196911197,0.1852869884169885,0.1430857142857142,0.009149653846153842,-0.036544054054054066,-0.07042224806201551
1134,70,12,トチ,13.25301205,0.3594277606177607,0.18457451737451738,0.14236911196911198,0.00872380769230769,-0.03702177606177604,-0.07097817829457365
1135,71,12,トチ,13.25301205,0.3592162934362934,0.18461818532818533,0.14253023166023182,0.00882696153846154,-0.03677050193050195,-0.07064666666666669
1136,72,12,トチ,13.25301205,0.35877872586872595,0.18389691119691126,0.14179837837837841,0.00833380769230769,-0.03733077220077219,-0.07129100775193797
1137,73,12,トチ,13.25301205,0.3580445559845561,0.1838435135135135,0.14190305019305022,0.008448769230769232,-0.037047220077220076,-0.07081031007751942
1138,74,12,トチ,13.25301205,0.35798992277992264,0.18320888030888047,0.14125131274131278,0.008014499999999994,-0.03754247104247105,-0.07144499999999998
1139,75,12,トチ,13.25301205,0.3580310424710427,0.18327814671814666,0.1414971428571428,0.008161615384615385,-0.03724830115830114,-0.0709649224806202
1140,76,12,トチ,13.65461847,0.35710343629343605,0.18280942084942078,0.14089922779922773,0.007721115384615385,-0.03778135135135135,-0.07163294573643406
1141,77,12,トチ,13.25301205,0.355839613899614,0.18076498069498068,0.13994563706563712,0.00685500000000001,-0.037963474903474945,-0.07147054263565895
1142,78,12,トチ,13.65461847,0.35875575289575296,0.18411891891891893,0.1418289961389962,0.007715192307692309,-0.038119806949806934,-0.07220019379844965
1143,79,12,トチ,13.65461847,0.35743749034749045,0.18258177606177606,0.14024312741312756,0.006384423076923068,-0.03962177606177608,-0.07394170542635661
1144,80,12,トチ,13.65461847,0.35616177606177596,0.18190355212355216,0.13978440154440155,0.0064208846153846035,-0.03930953667953668,-0.07340356589147289
1145,81,12,トチ,13.65461847,0.35555861003860995,0.18147054054054054,0.13958733590733585,0.006676923076923071,-0.03880737451737451,-0.07269934108527136
1146,82,12,トチ,13.65461847,0.3564181467181468,0.18217571428571433,0.14038235521235518,0.0072311153846153775,-0.038178841698841726,-0.07195829457364339
1147,83,12,トチ,13.65461847,0.35509505791505797,0.18157806949806954,0.13981154440154445,0.006984153846153849,-0.03835652509652506,-0.07207693798449613
1148,84,12,トチ,14.45783133,0.3547402702702701,0.18082938223938236,0.13929590733590733,0.006834692307692308,-0.03836019305019311,-0.07198426356589147
1149,85,12,トチ,14.0562249,0.3558693436293436,0.18206498069498067,0.1401802316602317,0.006940038461538458,-0.038574787644787695,-0.072440465116279
1150,86,12,トチ,13.65461847,0.35476548262548274,0.18106972972972973,0.13912629343629354,0.006111115384615395,-0.039459073359073324,-0.07340651162790697
1151,87,12,トチ,14.45783133,0.35478111969111975,0.18073691119691127,0.13897162162162158,0.006285999999999995,-0.03914220077220079,-0.07296825581395348
1152,88,12,トチ,14.45783133,0.3556823166023165,0.18202505791505796,0.1401727027027027,0.006912653846153855,-0.0385424324324324,-0.07234166666666662
1153,89,12,トチ,14.45783133,0.35473722007722014,0.18124633204633206,0.13924934362934374,0.006109230769230769,-0.03952918918918918,-0.07348705426356589
1154,90,12,トチ,14.0562249,0.3550364864864865,0.18085196911196927,0.13896752895752887,0.006116384615384594,-0.03945849420849416,-0.07338054263565885
1155,91,12,トチ,14.85943775,0.3535107722007724,0.1801110810810811,0.13866644787644783,0.006313500000000005,-0.03881467181467186,-0.07238763565891472
1156,92,12,トチ,14.85943775,0.3557328957528958,0.1817788416988418,0.13986343629343637,0.006691346153846148,-0.03885185328185332,-0.07267209302325585
1157,93,12,トチ,15.26104418,0.35403976833976813,0.1806645945945946,0.13877525096525095,0.005865230769230762,-0.03963698841698843,-0.07354193798449611
1158,94,12,トチ,15.26104418,0.3540120463320465,0.18030571428571424,0.13860888030888027,0.006062961538461525,-0.03927227799227799,-0.07299383720930235
1159,95,12,トチ,14.85943775,0.35357254826254836,0.18017517374517375,0.13865081081081082,0.006425807692307698,-0.03873065637065635,-0.07227298449612403
1160,96,12,トチ,15.26104418,0.3557460231660232,0.18168227799227793,0.13990277992277989,0.006822730769230781,-0.03859942084942086,-0.0722800387596899
1161,97,12,トチ,15.6626506,0.3545991505791506,0.18072409266409262,0.13882220077220073,0.005877692307692312,-0.03968872586872587,-0.07356953488372095
1162,98,12,トチ,15.6626506,0.3538107335907337,0.1801685328185328,0.13837729729729734,0.005722307692307685,-0.03971007722007721,-0.07352573643410855
1163,99,12,トチ,15.6626506,0.35266779922779934,0.17995586872586858,0.13836239382239388,0.006105346153846157,-0.03906756756756759,-0.07260856589147287
1164,100,12,トチ,16.06425703,0.35263243243243236,0.17997000000000007,0.13863853281853283,0.006339307692307682,-0.03861382239382236,-0.07193577519379846
1165,101,12,トチ,16.06425703,0.3540440540540539,0.18056806949806944,0.13891787644787645,0.006460769230769239,-0.038808957528957536,-0.07238085271317829
1166,102,12,トチ,16.06425703,0.35357961389961384,0.18011173745173747,0.13853293436293437,0.00631261538461538,-0.03887660231660229,-0.07237364341085273
1167,103,12,トチ,16.06425703,0.3550148262548264,0.1811876447876448,0.13963200772200773,0.00680684615384616,-0.03840405405405406,-0.07186143410852713
1168,104,12,トチ,16.46586345,0.35417501930501893,0.18078173745173745,0.13890772200772195,0.0060515000000000065,-0.0394627413127413,-0.07320972868217052
1169,105,12,トチ,16.46586345,0.3531117374517374,0.18004980694980682,0.13820324324324323,0.005582499999999991,-0.03989220077220076,-0.0736862790697675
1170,106,12,トチ,16.46586345,0.35240664092664103,0.17978289575289585,0.13814861003861006,0.005885884615384622,-0.039333976833976804,-0.07289662790697674
1171,107,12,トチ,16.86746988,0.35206567567567537,0.17886046332046326,0.13792826254826254,0.005804769230769236,-0.03893347490347493,-0.07218174418604652
1172,108,12,トチ,16.86746988,0.3538520463320463,0.18073250965250962,0.13895571428571432,0.006206576923076911,-0.039157220077220084,-0.0727746899224806
1173,109,12,トチ,16.86746988,0.352991583011583,0.179887335907336,0.13808845559845542,0.005509500000000007,-0.03991884169884172,-0.07367604651162794
1174,110,12,トチ,17.26907631,0.35227806949806983,0.17955258687258688,0.13792656370656373,0.00565696153846153,-0.039584864864864844,-0.07313868217054265
1175,111,12,トチ,17.26907631,0.3526727027027026,0.17953536679536677,0.13805818532818523,0.006056038461538457,-0.039036872586872585,-0.07249693798449611
1176,112,12,トチ,16.86746988,0.3544441312741312,0.18092756756756756,0.13962034749034752,0.006533846153846155,-0.03846115830115831,-0.0718138372093023
1177,113,12,トチ,17.67068273,0.3564038996138996,0.18212691119691132,0.1400527413127413,0.0064616538461538435,-0.03923930501930506,-0.07304910852713178
1178,114,12,トチ,17.67068273,0.3544527027027026,0.1804662162162162,0.13836930501930506,0.005025692307692314,-0.04076926640926638,-0.07479333333333343
1179,115,12,トチ,18.07228916,0.3533013513513513,0.17986088803088798,0.13801034749034752,0.005135153846153845,-0.04037810810810812,-0.07426158914728678
1180,116,12,トチ,17.67068273,0.35317455598455627,0.1796635135135135,0.1379994980694982,0.0054854230769230865,-0.039829652509652494,-0.07345093023255816
1181,117,12,トチ,18.07228916,0.35262996138996144,0.17949150579150572,0.13795702702702703,0.005721115384615397,-0.0394242857142857,-0.07291391472868215
1182,118,12,トチ,18.07228916,0.35228328185328195,0.17933583011583018,0.13785444015444012,0.005831538461538466,-0.03923115830115829,-0.07264724806201557
1183,119,12,トチ,18.07228916,0.35174046332046316,0.1792774131274131,0.13785911196911182,0.005996884615384605,-0.0389645945945946,-0.07229678294573644
1184,120,12,トチ,18.07228916,0.35102239382239364,0.1791142471042471,0.1377233976833977,0.005997307692307695,-0.03888660231660231,-0.0721337596899225
1185,121,12,トチ,18.47389558,0.35111988416988416,0.17862312741312739,0.13760725868725865,0.005855730769230781,-0.03889590733590735,-0.07205968992248069
1186,122,12,トチ,18.47389558,0.3530756756756756,0.17987424710424713,0.1382921621621622,0.006088769230769244,-0.03912895752895751,-0.07260496124031002
1187,123,12,トチ,18.47389558,0.35215177606177617,0.17932038610038617,0.13771806949806958,0.0056277692307692365,-0.039581621621621585,-0.07307406976744184
1188,124,12,トチ,18.47389558,0.3516790733590732,0.17906374517374526,0.13754980694980687,0.005661076923076937,-0.03944455598455595,-0.07285930232558138
1189,125,12,トチ,18.87550201,0.3530062162162163,0.17951822393822403,0.1381752509652509,0.005962384615384621,-0.03910220077220076,-0.0724116279069767
1190,126,12,トチ,18.87550201,0.3527488416988417,0.1796689575289575,0.13799552123552125,0.005673192307692307,-0.03965281853281849,-0.07320488372093027
1191,127,12,トチ,18.47389558,0.3523472972972972,0.17918891891891894,0.13752467181467182,0.005348192307692308,-0.03997389961389956,-0.07359003875968993
1192,128,12,トチ,18.87550201,0.3514875675675675,0.1789966795366795,0.13747884169884173,0.0055779230769230775,-0.0395115444015444,-0.0729344573643411
1193,129,12,トチ,18.87550201,0.3513506563706564,0.17887583011583014,0.13750683397683405,0.0058158461538461576,-0.039163127413127385,-0.07245422480620156
1194,130,12,トチ,19.27710843,0.3522513899613898,0.1797512355212355,0.13815100386100396,0.0059441153846153845,-0.03921436293436293,-0.07262635658914728
1195,131,12,トチ,19.27710843,0.3514879150579151,0.17913011583011595,0.13748285714285705,0.005359615384615382,-0.03990833976833975,-0.07347542635658917
1196,132,12,トチ,19.27710843,0.35143019305019313,0.17888652509652517,0.1373420077220077,0.005425038461538477,-0.039717606177606175,-0.07317147286821707
1197,133,12,トチ,19.67871486,0.3527211196911196,0.17960181467181466,0.13813216216216212,0.005955038461538458,-0.03912922779922783,-0.07248724806201548
1198,134,12,トチ,19.27710843,0.3522157142857143,0.17946250965250957,0.13777490347490343,0.005602769230769222,-0.039672084942084955,-0.07319980620155042
1199,135,12,トチ,19.27710843,0.3518251737451737,0.1792559459459459,0.13759169884169878,0.0055541538461538476,-0.03971405405405407,-0.07320782945736437
1200,136,12,トチ,19.27710843,0.3515116602316602,0.17925934362934362,0.1377025482625483,0.005901846153846162,-0.03918335907335909,-0.07249930232558138
1201,137,12,トチ,19.67871486,0.35284030888030926,0.1802755984555985,0.1385696525096524,0.006280038461538456,-0.03894579150579151,-0.07229410852713172
1202,138,12,トチ,19.67871486,0.3527954440154439,0.17979803088803076,0.13796212355212348,0.005709076923076925,-0.03970277992277994,-0.07328922480620158
1203,139,12,トチ,20.08032129,0.35167710424710436,0.1793219305019305,0.1378002316602317,0.005540730769230776,-0.03963826254826255,-0.07301290697674413
1204,140,12,トチ,20.08032129,0.352835945945946,0.18025397683397673,0.13823806949806947,0.005693769230769223,-0.03986841698841699,-0.07347697674418603
1205,141,12,トチ,20.08032129,0.35245355212355206,0.17977667953667947,0.13778212355212352,0.005435192307692315,-0.040139111969112004,-0.07385565891472871
1206,142,12,トチ,20.48192771,0.3536963706563706,0.18065822393822392,0.13850227799227788,0.005746653846153858,-0.039955945945946,-0.07365562015503879
1207,143,12,トチ,20.08032129,0.3529315830115828,0.18011328185328193,0.13794393822393813,0.005369499999999993,-0.04038366795366794,-0.0741518217054263
1208,144,12,トチ,20.48192771,0.3524289189189192,0.1796755984555985,0.13795451737451728,0.005476115384615377,-0.03994096525096525,-0.07348484496124033
1209,145,12,トチ,20.88353414,0.35362814671814674,0.18072725868725867,0.13849552123552117,0.005801076923076931,-0.03996498069498067,-0.07370856589147293
1210,146,12,トチ,20.88353414,0.35240853281853296,0.18035362934362928,0.138157915057915,0.005692346153846143,-0.03996517374517376,-0.07361062015503878
1211,147,12,トチ,21.28514056,0.3542413513513511,0.18056301158301152,0.13865667953667954,0.00606146153846155,-0.03951451737451737,-0.0730159302325581
1212,148,12,トチ,21.28514056,0.35442069498069484,0.18151818532818548,0.13912138996138992,0.006322423076923068,-0.03958756756756759,-0.07329713178294574
1213,149,12,トチ,21.68674699,0.3538397297297299,0.18127084942084928,0.13885092664092671,0.006181846153846139,-0.039680540540540536,-0.07342445736434107
1214,150,12,トチ,21.68674699,0.3537402316602316,0.181629305019305,0.1393849034749034,0.006591846153846146,-0.039085057915057904,-0.07259775193798453
1215,151,12,トチ,22.48995984,0.35489776061776035,0.1822262162162162,0.1395735521235521,0.0065825769230769245,-0.03950231660231659,-0.07324744186046515
1216,152,12,トチ,22.48995984,0.3537554054054052,0.1817675289575289,0.13916119691119688,0.00638092307692307,-0.039584942084942114,-0.07328197674418607
1217,153,12,トチ,22.48995984,0.3537736293436295,0.1810354054054053,0.1389198841698843,0.006339307692307691,-0.0393656756756757,-0.07290759689922478
1218,154,12,トチ,22.48995984,0.35510965250965254,0.1826235907335907,0.13990575289575283,0.006837653846153843,-0.03927393822393822,-0.07303434108527133
1219,155,12,トチ,22.89156627,0.35455297297297317,0.1821154054054054,0.13940308880308877,0.006506807692307701,-0.03960061776061776,-0.07338488372093024
1220,156,12,トチ,22.89156627,0.3534984169884171,0.1810955984555984,0.13895555984555982,0.006346576923076931,-0.039361969111969125,-0.07288643410852712
1221,157,12,トチ,23.29317269,0.3581054826254825,0.18487382239382247,0.1418496911196911,0.007756500000000006,-0.03863590733590732,-0.0724906201550388
1222,158,12,トチ,23.69477912,0.3559544787644788,0.18371667953667953,0.14049270270270275,0.006553461538461519,-0.0400300386100386,-0.07414658914728678
1223,159,12,トチ,23.69477912,0.3556099613899614,0.18292559845559833,0.13975768339768346,0.006086269230769219,-0.04049343629343628,-0.07464662790697671
1224,160,12,トチ,23.69477912,0.35522675675675663,0.18284610038610047,0.13982706563706557,0.006544538461538467,-0.0398197297297297,-0.07371949612403103
1225,161,12,トチ,24.49799197,0.35496181467181515,0.18283135135135142,0.13991679536679535,0.006930615384615393,-0.03921876447876446,-0.07288941860465119
1226,162,12,トチ,24.09638554,0.35619752895752865,0.18398266409266414,0.14098837837837844,0.007598846153846149,-0.038661814671814655,-0.07235410852713187
1227,163,12,トチ,24.89959839,0.35585162162162165,0.18355586872586874,0.14050486486486488,0.007293769230769222,-0.03900671814671815,-0.07270372093023256
1228,164,12,トチ,24.89959839,0.35554830115830105,0.18329640926640917,0.14035888030888036,0.0074312692307692265,-0.038724517374517396,-0.07231461240310075
1229,165,12,トチ,25.30120482,0.3548941312741315,0.18275003861003863,0.13997942084942086,0.007251615384615385,-0.03882436293436292,-0.0723922480620155
1230,166,12,トチ,24.89959839,0.35593953667953654,0.1838666795366796,0.14081760617760616,0.007555500000000004,-0.0387427027027027,-0.07241775193798447
1231,167,12,トチ,25.30120482,0.35452930501930485,0.18300428571428576,0.1400047490347491,0.006984153846153848,-0.03922988416988415,-0.072883488372093
1232,168,12,トチ,25.70281124,0.3547209266409266,0.1826211583011584,0.1397810424710425,0.0070060769230769135,-0.03911027027027028,-0.07268856589147286
1233,169,12,トチ,25.70281124,0.35365366795366787,0.18223660231660244,0.1395647876447876,0.0070555384615384655,-0.03886494208494209,-0.0723658527131783
1234,170,12,トチ,26.10441767,0.35503185328185344,0.18297216216216222,0.1401524324324324,0.007161192307692298,-0.03894706563706562,-0.07254197674418604
1235,171,12,トチ,26.10441767,0.3542972200772201,0.18228633204633207,0.1394576447876448,0.0065853461538461664,-0.03955830115830115,-0.07324550387596908
1236,172,12,トチ,26.10441767,0.35388760617760623,0.18193733590733588,0.1392515830115832,0.006652346153846145,-0.039377374517374546,-0.07298872093023258
1237,173,12,トチ,26.10441767,0.353908996138996,0.18181922779922766,0.13926795366795372,0.006875807692307698,-0.039001698841698865,-0.07252302325581399
1238,174,12,トチ,26.5060241,0.354344054054054,0.1824694594594594,0.13979293436293444,0.006952730769230775,-0.039054208494208514,-0.07262461240310074
1239,175,12,トチ,26.5060241,0.35385861003861013,0.18181861003861002,0.13906590733590737,0.006291230769230764,-0.03983359073359072,-0.07356186046511626
1240,176,12,トチ,26.5060241,0.35330633204633205,0.18141555984555982,0.1387756756756757,0.006228807692307697,-0.039779922779922754,-0.07340806201550391
1241,177,12,トチ,26.5060241,0.35288806949806933,0.18126212355212348,0.13881096525096515,0.006506615384615391,-0.03928899613899616,-0.07277604651162797
1242,178,12,トチ,26.90763052,0.35242432432432447,0.18106038610038613,0.1386806563706563,0.006556153846153848,-0.039134169884169887,-0.07252825581395346
1243,179,12,トチ,26.90763052,0.35237366795366826,0.1805167567567567,0.13836397683397697,0.006361307692307678,-0.03923555984555987,-0.07257031007751938
1244,180,12,トチ,26.90763052,0.3538693436293434,0.18172880308880318,0.13915795366795364,0.006470653846153854,-0.0394784942084942,-0.07303903100775196
1245,181,12,トチ,26.90763052,0.3530722779922779,0.18094220077220075,0.1382907335907336,0.00564273076923077,-0.040473166023166,-0.07428178294573642
1246,182,12,トチ,26.90763052,0.352547528957529,0.18061150579150576,0.1379911969111969,0.005500307692307709,-0.04055262548262546,-0.07432321705426355
1247,183,12,トチ,26.90763052,0.3557292277992277,0.18250486486486497,0.13990227799227806,0.006405923076923073,-0.03969633204633207,-0.0733829844961241
1248,1,13,ナラ,114.057508,1.0593141312741317,0.836349806949807,0.7834098069498066,0.48582276923076906,0.32403081081081064,0.24131647286821714
1249,2,13,ナラ,111.1821086,1.0353227027027025,0.8219706949806949,0.7576215830115836,0.4667428846153845,0.3149360617760618,0.23740488372093027
1250,3,13,ナラ,108.9456869,0.907371196911197,0.7103124324324327,0.6488603088803091,0.3969666538461537,0.2661603474903478,0.19734286821705427
1251,4,13,ナラ,106.0702875,0.8591881081081083,0.6647730115830114,0.6029078764478767,0.3605530769230768,0.23690764478764478,0.17228240310077514
1252,5,13,ナラ,103.514377,0.8365737837837844,0.6416528571428574,0.5782677606177609,0.33992465384615395,0.21937907335907356,0.15670275193798452
1253,6,13,ナラ,100.6389776,0.8040744015444018,0.6100590347490347,0.5450152895752897,0.3122676538461538,0.19626166023166022,0.1362020930232558
1254,7,13,ナラ,97.76357827,0.7591752509652505,0.5667096138996144,0.49927254826254824,0.2752723846153846,0.1660083783783784,0.10975802325581394
1255,8,13,ナラ,94.5686901,0.7130870270270275,0.5217316988416988,0.45298057915057915,0.2363884615384616,0.133397722007722,0.0808497674418605
1256,9,13,ナラ,91.69329073,0.6757160617760616,0.48480339768339775,0.4149432432432434,0.20483873076923068,0.10648776061776058,0.05658116279069769
1257,10,13,ナラ,88.17891374,0.6497933976833975,0.4587675675675678,0.388524749034749,0.18197676923076928,0.08677216216216217,0.03877046511627908
1258,11,13,ナラ,84.98402556,0.623960579150579,0.4347891891891891,0.3645276061776059,0.16230557692307687,0.07002281853281854,0.023429534883720928
1259,12,13,ナラ,82.42811502,0.6105685714285716,0.42290444015444006,0.3530983011583012,0.15206457692307696,0.06082034749034747,0.014745387596899227
1260,13,13,ナラ,79.87220447,0.6036635907335913,0.4162887258687259,0.34701625482625476,0.1462782307692308,0.055477220077220064,0.009641899224806199
1261,14,13,ナラ,77.31629393,0.5947992277992281,0.4083238610038611,0.3391127413127412,0.13924684615384614,0.0486503088803089,0.0028039534883720937
1262,15,13,ナラ,74.76038339,0.5846438996139001,0.3997131274131274,0.33119930501930483,0.13325453846153842,0.04377424710424713,-0.0016852713178294567
1263,16,13,ナラ,72.84345048,0.5763882239382239,0.3925784942084942,0.3245983397683397,0.12846638461538462,0.040090501930501926,-0.004879224806201551
1264,17,13,ナラ,70.92651757,0.5687778378378379,0.3861356756756758,0.31899231660231653,0.12440223076923076,0.03695216216216216,-0.00769317829457364
1265,18,13,ナラ,68.69009585,0.5626910038610041,0.3807661776061777,0.31401173745173755,0.12093934615384612,0.034200270270270276,-0.010149573643410853
1266,19,13,ナラ,66.77316294,0.5589862162162166,0.3773633976833975,0.3108164092664092,0.11841507692307696,0.03209691119691119,-0.012158488372093023
1267,20,13,ナラ,65.17571885,0.5532421621621627,0.37201772200772204,0.30619386100386076,0.11472138461538466,0.02929015444015446,-0.014574186046511627
1268,21,13,ナラ,63.25878594,0.547571428571429,0.36766332046332034,0.3019857915057915,0.1119178076923077,0.027098339768339783,-0.01653980620155038
1269,22,13,ナラ,61.02236422,0.5429396911196912,0.3630926640926642,0.2980762548262549,0.10883080769230773,0.024856216216216205,-0.018487403100775204
1270,23,13,ナラ,59.42492013,0.5372167567567567,0.3579124710424708,0.29317853281853284,0.10551792307692306,0.02228729729729729,-0.02078410852713178
1271,24,13,ナラ,57.82747604,0.5330975675675678,0.35354942084942076,0.28942884169884175,0.10257176923076922,0.02019779922779923,-0.022547519379844966
1272,25,13,ナラ,56.23003195,0.5260487644787645,0.3477725482625483,0.2841045173745175,0.09902569230769233,0.017614362934362946,-0.024728100775193808
1273,26,13,ナラ,54.63258786,0.5208669498069499,0.3429410810810812,0.2799605019305019,0.09577492307692308,0.015471505791505786,-0.026385658914728688
1274,27,13,ナラ,53.35463259,0.5143481467181465,0.33688482625482596,0.2743295752895754,0.09189969230769231,0.012594864864864866,-0.028905930232558143
1275,28,13,ナラ,51.7571885,0.5097012741312742,0.3324320077220078,0.27056552123552147,0.08898630769230771,0.010716254826254823,-0.030301395348837225
1276,29,13,ナラ,49.52076677,0.5034449034749034,0.32711899613899603,0.2656415830115832,0.08571823076923081,0.008398687258687256,-0.03217054263565892
1277,30,13,ナラ,49.20127796,0.4994594594594595,0.32289185328185355,0.2620418532818533,0.08295988461538464,0.006587644787644782,-0.033526511627906985
1278,31,13,ナラ,47.92332268,0.49402911196911203,0.31782579150579154,0.25736220077220057,0.07975976923076923,0.004297644787644784,-0.035451782945736414
1279,32,13,ナラ,46.32587859,0.489018725868726,0.312206254826255,0.25305277992277986,0.07569592307692308,0.0016692664092664035,-0.03744573643410855
1280,33,13,ナラ,45.68690096,0.48666270270270257,0.31045536679536684,0.25064293436293444,0.07408046153846154,-7.389961389960939e-05,-0.03931984496124031
1281,34,13,ナラ,44.7284345,0.48238227799227795,0.3062250193050192,0.2465520077220079,0.07113696153846157,-0.002522779922779927,-0.04162387596899224
1282,35,13,ナラ,43.45047923,0.47662088803088787,0.30175837837837854,0.2426644787644788,0.06880715384615384,-0.003749652509652499,-0.04220713178294574
1283,36,13,ナラ,42.49201278,0.47296019305019305,0.2982703474903476,0.23996011583011592,0.06674769230769231,-0.004767683397683397,-0.0425273643410853
1284,37,13,ナラ,41.85303514,0.4691476833976836,0.2956518532818533,0.23738154440154452,0.06524234615384616,-0.005678648648648646,-0.04313147286821706
1285,38,13,ナラ,41.21405751,0.4654783397683398,0.29170463320463336,0.23391903474903472,0.0628348076923077,-0.007334208494208492,-0.044424728682170525
1286,39,13,ナラ,40.25559105,0.46333861003861015,0.2894005019305018,0.2317133976833976,0.06105992307692308,-0.008594092664092667,-0.0453653488372093
1287,40,13,ナラ,39.2971246,0.45930416988416983,0.28570694980694966,0.22835741312741314,0.05884157692307694,-0.009960810810810804,-0.04629379844961237
1288,41,13,ナラ,38.33865815,0.45732791505791526,0.28316413127413154,0.22611285714285725,0.05683519230769232,-0.011440270270270272,-0.04756143410852714
1289,42,13,ナラ,38.33865815,0.45300467181467186,0.279546138996139,0.222690694980695,0.0544741923076923,-0.013075714285714288,-0.04883193798449611
1290,43,13,ナラ,37.69968051,0.450794247104247,0.27678888030888016,0.2202947490347489,0.05243176923076923,-0.01445235521235521,-0.04981984496124033
1291,44,13,ナラ,37.06070288,0.4478906177606178,0.27341173745173747,0.21705162162162162,0.05009315384615385,-0.016286254826254832,-0.0514837596899225
1292,45,13,ナラ,36.42172524,0.44318123552123556,0.26980061776061764,0.21402362934362926,0.047822230769230756,-0.01746451737451737,-0.05200166666666668
1293,46,13,ナラ,36.10223642,0.43996463320463325,0.2662068725868727,0.2104154054054055,0.04518811538461538,-0.01963100386100384,-0.054072170542635696
1294,47,13,ナラ,35.46325879,0.4337173745173743,0.2591499613899613,0.2046233976833976,0.040842884615384614,-0.02228548262548262,-0.055959806201550395
1295,48,13,ナラ,35.14376997,0.4343591119691122,0.2588197297297297,0.20341096525096516,0.039340730769230774,-0.023985096525096526,-0.05773426356589145
1296,49,13,ナラ,34.82428115,0.42982277992277973,0.255362972972973,0.1999698841698843,0.03685038461538461,-0.026242818532818544,-0.0600087984496124
1297,50,13,ナラ,34.18530351,0.42704675675675685,0.2520004633204634,0.19717455598455613,0.03467534615384616,-0.027478918918918918,-0.06071003875968992
1298,51,13,ナラ,34.18530351,0.42413451737451735,0.24891563706563719,0.19426258687258674,0.032825615384615384,-0.02867050193050193,-0.06150627906976749
1299,52,13,ナラ,33.54632588,0.41911432432432444,0.24425474903474903,0.18995552123552126,0.02977142307692308,-0.030626100386100384,-0.06288038759689925
1300,53,13,ナラ,33.22683706,0.41695212355212335,0.24145776061776061,0.18762996138996138,0.027748961538461542,-0.03191158301158301,-0.06379383720930235
1301,54,13,ナラ,32.58785942,0.41198613899613906,0.23675768339768344,0.18339772200772184,0.024782615384615382,-0.033992548262548244,-0.06547558139534884
1302,55,13,ナラ,32.26837061,0.40885760617760625,0.2338664864864865,0.1809377220077221,0.02273726923076922,-0.03534312741312742,-0.06644883720930238
1303,56,13,ナラ,31.30990415,0.40452254826254835,0.2297624324324323,0.17732756756756765,0.02022099999999999,-0.0371058687258687,-0.06782608527131781
1304,57,13,ナラ,31.30990415,0.4024321235521234,0.22740861003861002,0.1753021621621621,0.01834419230769231,-0.03848640926640922,-0.06901550387596896
1305,58,13,ナラ,30.99041534,0.39821833976833976,0.22388602316602318,0.17214945945945936,0.01621003846153846,-0.0400060617760618,-0.0702717441860465
1306,59,13,ナラ,30.3514377,0.39665613899613905,0.22177428571428587,0.1705016988416989,0.014743461538461547,-0.04097714285714291,-0.07096127906976744
1307,60,13,ナラ,29.71246006,0.3933432046332044,0.21837976833976827,0.16745888030888043,0.012641692307692305,-0.042579575289575296,-0.07239860465116285
1308,61,13,ナラ,29.71246006,0.3908052895752897,0.21626138996138997,0.1658045173745174,0.01133226923076922,-0.04333864864864868,-0.07290186046511625
1309,62,13,ナラ,29.07348243,0.38744598455598467,0.21326895752895764,0.16318204633204636,0.009565499999999996,-0.04463579150579147,-0.07400155038759691
1310,63,13,ナラ,28.75399361,0.38619181467181474,0.21138826254826248,0.16170266409266418,0.008310807692307687,-0.04545281853281853,-0.07454686046511629
1311,64,13,ナラ,28.43450479,0.3828842084942085,0.20871992277992288,0.15933976833976837,0.006766192307692321,-0.04662548262548262,-0.0755665503875969
1312,65,13,ナラ,27.79552716,0.38293536679536655,0.20784432432432434,0.15893583011583,0.005580153846153861,-0.047477644787644824,-0.07628794573643409
1313,66,13,ナラ,27.47603834,0.3797005791505791,0.20505432432432436,0.1561362934362936,0.0034998076923076693,-0.04953482625482624,-0.07847465116279075
1314,67,13,ナラ,27.15654952,0.375881776061776,0.201870888030888,0.15333123552123556,0.0015758846153846242,-0.0510500386100386,-0.0799115891472869
1315,68,13,ナラ,26.51757188,0.37352706563706545,0.19933644787644786,0.15143069498069506,0.000651230769230772,-0.05134768339768341,-0.07980627906976746
1316,69,13,ナラ,26.19808307,0.370203552123552,0.19675505791505787,0.14962478764478776,-0.00032692307692308467,-0.05154764478764482,-0.07958065891472874
1317,70,13,ナラ,25.87859425,0.3694887644787645,0.19646714285714292,0.1493891119691119,-0.00044019230769230426,-0.05146142857142859,-0.07932286821705425
1318,71,13,ナラ,25.23961661,0.3670438996138995,0.19444694980694976,0.14775243243243238,-0.001310769230769222,-0.05192868725868727,-0.07954872093023253
1319,72,13,ナラ,24.9201278,0.3663138610038611,0.19363895752895757,0.14721911196911203,-0.0018956153846153851,-0.052321544401544344,-0.07983089147286818
1320,73,13,ナラ,24.60063898,0.3652419691119691,0.1921762162162162,0.14582208494208498,-0.0027814230769231075,-0.053089266409266415,-0.0806315503875969
1321,74,13,ナラ,24.28115016,0.36308725868725866,0.19024301158301163,0.1445737451737452,-0.0035431153846153837,-0.053318069498069484,-0.08053430232558145
1322,75,13,ナラ,23.64217252,0.36296069498069494,0.19028362934362922,0.14433490347490352,-0.003763692307692296,-0.05371347490347486,-0.08103992248062006
1323,76,13,ナラ,23.64217252,0.3606546332046335,0.18836629343629344,0.14297119691119672,-0.004640384615384612,-0.05407764478764481,-0.08111589147286823
1324,77,13,ナラ,23.32268371,0.3603333976833976,0.18813532818532816,0.1425633976833977,-0.004952038461538466,-0.05449247104247103,-0.08167236434108528
1325,78,13,ナラ,23.00319489,0.35833451737451744,0.18635135135135134,0.14120675675675673,-0.005624576923076911,-0.05475447876447879,-0.08167348837209303
1326,79,13,ナラ,22.68370607,0.3584381467181468,0.18644911196911193,0.14124540540540545,-0.00582084615384614,-0.054973590733590746,-0.08189437984496123
1327,80,13,ナラ,22.04472843,0.35649293436293433,0.18504861003861006,0.1400628185328186,-0.0064112307692307646,-0.055298687258687244,-0.08211011627906971
1328,81,13,ナラ,21.72523962,0.35638420849420865,0.1850598455598455,0.14011444015444013,-0.006626038461538459,-0.055518803088803116,-0.08233124031007749
1329,82,13,ナラ,21.72523962,0.35463432432432435,0.1837081081081081,0.13890563706563697,-0.0073560384615384555,-0.05607169884169882,-0.08281802325581389
1330,83,13,ナラ,21.72523962,0.35548949806949787,0.18391108108108106,0.13913613899613905,-0.007430000000000003,-0.05621084942084941,-0.08303720930232555
1331,84,13,ナラ,21.4057508,0.35377980694980704,0.18254552123552126,0.13786953667953664,-0.008243615384615361,-0.05690015444015445,-0.08368527131782945
1332,85,13,ナラ,21.08626198,0.35389826254826257,0.1824270656370656,0.13793903474903477,-0.00818107692307692,-0.0566710810810811,-0.08327941860465116
1333,86,13,ナラ,20.76677316,0.35249764478764467,0.1815510424710424,0.13711536679536676,-0.008611076923076926,-0.056992200772200755,-0.08356821705426354
1334,87,13,ナラ,20.76677316,0.35213416988416973,0.1811120463320464,0.13701563706563719,-0.008698807692307683,-0.05678644787644787,-0.08317197674418599
1335,88,13,ナラ,20.44728435,0.35152158301158315,0.18052293436293443,0.13631822393822404,-0.009177384615384617,-0.05734266409266408,-0.08383461240310076
1336,89,13,ナラ,20.12779553,0.3498029343629343,0.17953803088803083,0.13555138996138988,-0.009484653846153842,-0.05738104247104248,-0.08372790697674416
1337,90,13,ナラ,20.12779553,0.35053069498069495,0.17967069498069502,0.1357233204633204,-0.009525038461538475,-0.057437722007721966,-0.08376333333333333
1338,91,13,ナラ,20.12779553,0.34864741312741304,0.17851266409266414,0.13474123552123543,-0.010045153846153844,-0.057725945945945926,-0.08393693798449603
1339,92,13,ナラ,19.80830671,0.34889779922779923,0.17868864864864864,0.13505061776061772,-0.009946423076923106,-0.05753270270270265,-0.08368209302325576
1340,93,13,ナラ,19.48881789,0.34809223938223954,0.17771420849420852,0.13407895752895746,-0.010601000000000006,-0.05819247104247105,-0.08438368217054264
1341,94,13,ナラ,19.48881789,0.3466494208494208,0.17669486486486474,0.13332312741312743,-0.010836961538461554,-0.05811540540540536,-0.08412352713178295
1342,95,13,ナラ,19.16932907,0.3474755984555984,0.17710320463320456,0.13359598455598465,-0.01103503846153845,-0.05849795366795365,-0.08463348837209304
1343,96,13,ナラ,19.16932907,0.34572532818532825,0.1758025096525098,0.13243857142857146,-0.011752230769230768,-0.0590545945945946,-0.08515108527131778
1344,97,13,ナラ,18.84984026,0.34781513513513496,0.17710216216216215,0.13390328185328196,-0.011403576923076928,-0.05860444015444017,-0.08463038759689923
1345,98,13,ナラ,18.84984026,0.34655907335907316,0.17565957528957524,0.13225328185328183,-0.01267915384615386,-0.060113436293436254,-0.08645686046511626
1346,99,13,ナラ,18.53035144,0.3440071428571429,0.173218223938224,0.13029293436293446,-0.014262461538461531,-0.06135640926640927,-0.08764453488372088
1347,100,13,ナラ,18.21086262,0.34289610038610024,0.17231729729729722,0.12953166023166018,-0.01485573076923077,-0.061794517374517376,-0.08805914728682165
1348,101,13,ナラ,18.21086262,0.3421693436293434,0.17142335907335912,0.12876432432432436,-0.015443884615384606,-0.06223567567567567,-0.08849608527131778
1349,102,13,ナラ,18.21086262,0.34122934362934393,0.17052837837837842,0.1280065637065637,-0.015919692307692336,-0.0625494594594595,-0.08876011627906978
1350,103,13,ナラ,17.57188498,0.34010895752895737,0.16936918918918917,0.12705455598455603,-0.01650649999999999,-0.06292760617760618,-0.08910624031007752
1351,104,13,ナラ,17.57188498,0.3379009266409266,0.16790930501930504,0.125982277992278,-0.017172692307692302,-0.06323725868725871,-0.0891977131782945
1352,105,13,ナラ,17.25239617,0.33864833976833963,0.16797347490347495,0.12605328185328188,-0.017335038461538464,-0.06340208494208496,-0.08941422480620159
1353,106,13,ナラ,16.93290735,0.3373907335907336,0.16705100386100388,0.12526420849420844,-0.017757846153846155,-0.06362737451737446,-0.08956418604651163
1354,107,13,ナラ,16.93290735,0.3394078764478764,0.16862745173745172,0.12689625482625483,-0.016665692307692322,-0.062392432432432456,-0.08812868217054266
1355,1,14,ヒノキ,198.5436893,1.0429303474903473,0.8370044401544399,0.7543410424710421,0.4619794615384615,0.2992098455598456,0.2292149612403103
1356,2,14,ヒノキ,193.6893204,1.0348423938223932,0.8409935907335903,0.7610541312741314,0.46832896153846165,0.3082277992277992,0.23791775193798462
1357,3,14,ヒノキ,187.8640777,0.9617967953667954,0.7838086486486484,0.7134248262548268,0.446188423076923,0.2976000386100386,0.22946817829457364
1358,4,14,ヒノキ,182.5242718,0.8770106949806956,0.7170905019305021,0.6557543629343628,0.4185506923076925,0.28424675675675665,0.2190913953488374
1359,5,14,ヒノキ,177.6699029,0.7997284169884166,0.6551930888030889,0.6007166409266413,0.38959161538461534,0.2681800772200773,0.2062572480620155
1360,6,14,ヒノキ,172.815534,0.7391761389961391,0.602699575289575,0.5479226640926641,0.3544876538461541,0.24341988416988417,0.18548038759689925
1361,7,14,ヒノキ,167.4757282,0.684039575289575,0.5538671042471043,0.49817745173745154,0.32054650000000007,0.21862629343629356,0.16431441860465115
1362,8,14,ヒノキ,163.1067961,0.6313717374517372,0.5067087644787642,0.4508127413127415,0.2876268076923076,0.19447972972972988,0.1438385271317829
1363,9,14,ヒノキ,158.7378641,0.5959755984555981,0.4736008494208494,0.41486864864864864,0.25991465384615364,0.1726949420849421,0.12521453488372095
1364,10,14,ヒノキ,153.8834951,0.5628041698841698,0.44122501930501923,0.3812961776061778,0.23295838461538457,0.1509660231660232,0.10617434108527131
1365,11,14,ヒノキ,149.0291262,0.526567799227799,0.4073569884169884,0.3497724710424712,0.20932342307692295,0.13290328185328174,0.09050213178294575
1366,12,14,ヒノキ,144.6601942,0.5040259845559844,0.38485849420849405,0.32820227799227775,0.19081950000000006,0.11710046332046331,0.07607984496124023
1367,13,14,ヒノキ,139.8058252,0.49056602316602327,0.3705049034749033,0.31396204633204655,0.1767982307692308,0.10415420849420855,0.06385717054263566
1368,14,14,ヒノキ,135.4368932,0.4759640926640931,0.3546013513513513,0.2981226640926639,0.16131569230769222,0.08980220077220073,0.050276434108527134
1369,15,14,ヒノキ,131.0679612,0.4590518146718148,0.3376774903474904,0.2823747490347491,0.146475576923077,0.0759664478764479,0.03690201550387596
1370,16,14,ヒノキ,126.6990291,0.4472164092664091,0.3250222393822394,0.2709632818532818,0.1343022692307693,0.06433926640926642,0.02556802325581394
1371,17,14,ヒノキ,122.3300971,0.43248100386100385,0.3104938996138996,0.25784127413127406,0.1218648846153846,0.05266903474903476,0.014044883720930225
1372,18,14,ヒノキ,117.961165,0.4233547490347493,0.3014462162162163,0.24938833976833974,0.1134152692307692,0.04465756756756758,0.005901201550387591
1373,19,14,ヒノキ,114.0776699,0.4036816216216218,0.28402621621621627,0.23383389961389967,0.1020237307692308,0.03625652509652509,-0.0016954651162790686
1374,20,14,ヒノキ,110.1941748,0.3871225096525096,0.2701404247104246,0.22044088803088815,0.09187088461538459,0.028335907335907334,-0.009012945736434111
1375,21,14,ヒノキ,105.8252427,0.36630119691119695,0.25035073359073373,0.20270683397683403,0.07819311538461544,0.018286833976833967,-0.01758666666666666
1376,22,14,ヒノキ,102.4271845,0.3416747104247104,0.22671046332046332,0.17954621621621625,0.05998142307692309,0.004711853281853281,-0.02919038759689923
1377,23,14,ヒノキ,98.54368932,0.32369984555984554,0.20831791505791508,0.1622153667953668,0.045144923076923055,-0.0067337451737451825,-0.03909825581395351
1378,24,14,ヒノキ,94.66019417,0.3159613127413128,0.19993779922779922,0.1546657915057917,0.038029307692307696,-0.013136563706563702,-0.04520263565891474
1379,25,14,ヒノキ,91.26213592,0.31280714285714256,0.19677725868725876,0.1519437065637066,0.035193538461538464,-0.015856293436293443,-0.04801875968992246
1380,26,14,ヒノキ,87.86407767,0.30914150579150584,0.19271444015444023,0.14867096525096532,0.032154461538461535,-0.018468764478764468,-0.05048810077519381
1381,27,14,ヒノキ,84.46601942,0.30485613899613895,0.18894810810810814,0.14542714285714292,0.02954826923076924,-0.020789806949806932,-0.052818449612403076
1382,28,14,ヒノキ,81.06796117,0.3077674517374516,0.18978625482625486,0.14658833976833974,0.029282423076923074,-0.021133552123552123,-0.053363837209302344
1383,29,14,ヒノキ,78.6407767,0.3050612741312743,0.18731486486486473,0.14394335907335906,0.02705192307692308,-0.0236380308880309,-0.05633763565891475
1384,30,14,ヒノキ,75.72815534,0.29873521235521255,0.1818084942084942,0.13916305019305028,0.023399653846153844,-0.026679806949806963,-0.059249186046511595
1385,31,14,ヒノキ,71.84466019,0.293778223938224,0.1771488803088803,0.13544289575289564,0.020965153846153856,-0.02823274131274131,-0.060388798449612396
1386,32,14,ヒノキ,68.93203883,0.28961015444015437,0.17321853281853286,0.13251938223938212,0.018829884615384616,-0.029551042471042465,-0.0613122093023256
1387,33,14,ヒノキ,66.50485437,0.28687586872586873,0.1710282625482627,0.13069509652509656,0.01782199999999999,-0.030082316602316615,-0.06168321705426355
1388,34,14,ヒノキ,64.0776699,0.28436027027027033,0.16775069498069495,0.1280980694980695,0.015607230769230773,-0.03178602316602317,-0.0632665891472868
1389,35,14,ヒノキ,61.65048544,0.2793941698841699,0.16366142857142865,0.12455606177606182,0.012989807692307691,-0.03378057915057918,-0.06506383720930234
1390,36,14,ヒノキ,58.25242718,0.27582567567567556,0.15977498069498075,0.12138015444015454,0.010210615384615394,-0.03591135135135137,-0.06710736434108526
1391,37,14,ヒノキ,55.82524272,0.27034220077220084,0.15355451737451742,0.11645702702702704,0.006028076923076936,-0.0391476447876448,-0.07006961240310074
1392,38,14,ヒノキ,53.39805825,0.26621424710424707,0.14925988416988414,0.11282011583011574,0.002888846153846165,-0.041715559845559864,-0.07255686046511632
1393,39,14,ヒノキ,50.48543689,0.2610615057915058,0.14446706563706566,0.10837888030888028,-0.0006967307692307824,-0.04485911196911198,-0.07577550387596907
1394,40,14,ヒノキ,48.54368932,0.25536772200772206,0.13960189189189187,0.1043267567567567,-0.003880653846153851,-0.0471742857142857,-0.07787767441860467
1395,41,14,ヒノキ,46.11650485,0.25090335907335914,0.1348400386100386,0.10045227799227795,-0.006757653846153842,-0.049219806949807016,-0.07964906976744186
1396,42,14,ヒノキ,43.68932039,0.2461682625482628,0.13019482625482628,0.09671208494208493,-0.009396846153846151,-0.05106791505791505,-0.08121050387596905
1397,43,14,ヒノキ,41.26213592,0.24089220077220075,0.12539656370656377,0.09294679536679536,-0.011787923076923097,-0.05250335907335905,-0.08226581395348832
1398,44,14,ヒノキ,38.83495146,0.23568389961389966,0.12097027027027026,0.08946633204633207,-0.013971769230769248,-0.05376563706563705,-0.08296569767441851
1399,45,14,ヒノキ,36.40776699,0.2321685328185328,0.11629594594594592,0.08619223938223941,-0.01645953846153846,-0.05544876447876444,-0.08431728682170544
1400,46,14,ヒノキ,34.95145631,0.23174115830115818,0.11666579150579141,0.08566200772200772,-0.017164961538461535,-0.056625250965251006,-0.08592313953488372
1401,47,14,ヒノキ,33.00970874,0.22820864864864854,0.11345965250965247,0.08278945945945952,-0.019413769230769252,-0.058640656370656366,-0.08789980620155033
1402,48,14,ヒノキ,31.55339806,0.22552231660231645,0.11070833976833978,0.08048440154440151,-0.02105446153846155,-0.0599268725868726,-0.08904341085271321
1403,49,14,ヒノキ,29.61165049,0.22297864864864872,0.10807003861003862,0.07822984555984552,-0.022703038461538483,-0.061283166023165976,-0.09030368217054265
1404,50,14,ヒノキ,28.15533981,0.22001837837837826,0.10499471042471042,0.07560127413127418,-0.024583115384615356,-0.06278629343629348,-0.0916769767441861
1405,51,14,ヒノキ,26.21359223,0.21544652509652507,0.10070239382239383,0.07220092664092667,-0.026879538461538444,-0.06435752895752896,-0.09294534883720926
1406,52,14,ヒノキ,24.27184466,0.21093158301158296,0.09641455598455603,0.06886729729729733,-0.02893184615384616,-0.06560822393822391,-0.09381945736434105
1407,53,14,ヒノキ,22.81553398,0.20665177606177607,0.09278891891891888,0.06617664092664087,-0.030552269230769237,-0.06644015444015446,-0.09423337209302328
1408,54,14,ヒノキ,20.38834951,0.20210015444015447,0.08884289575289575,0.06298725868725866,-0.03261519230769229,-0.06786984555984554,-0.09539554263565894
1409,55,14,ヒノキ,19.41747573,0.19822397683397677,0.08567772200772197,0.06046030888030888,-0.034441846153846135,-0.06922451737451737,-0.09657531007751943
1410,56,14,ヒノキ,17.96116505,0.1952650579150579,0.08298301158301158,0.058290463320463295,-0.0360906923076923,-0.07050154440154441,-0.0976723643410853
1411,57,14,ヒノキ,16.50485437,0.19235725868725867,0.08019942084942085,0.056050810810810814,-0.03782507692307694,-0.07195795366795366,-0.09900182170542629
1412,58,14,ヒノキ,15.53398058,0.18884166023166035,0.07712644787644789,0.05337127413127413,-0.039875884615384605,-0.07379189189189185,-0.10080306201550382
1413,59,14,ヒノキ,13.59223301,0.18593725868725874,0.07482146718146718,0.05148679536679531,-0.04144530769230768,-0.07511772200772207,-0.10201581395348831
1414,60,14,ヒノキ,13.59223301,0.1829725482625483,0.07219714285714282,0.04933683397683397,-0.043161576923076914,-0.07649575289575294,-0.10319217054263571
1415,61,14,ヒノキ,12.13592233,0.17943694980694966,0.06940656370656369,0.046802471042471025,-0.04510753846153843,-0.07822617760617759,-0.10486864341085272
1416,62,14,ヒノキ,11.16504854,0.1764199613899614,0.0669650579150579,0.044583590733590694,-0.04703380769230768,-0.07996942084942088,-0.10651627906976743
1417,63,14,ヒノキ,10.67961165,0.1726178764478765,0.06407189189189187,0.042070308880308875,-0.04917657692307693,-0.08186065637065632,-0.10824961240310077
1418,64,14,ヒノキ,9.708737864,0.16620077220077215,0.05799131274131275,0.037408262548262544,-0.05278992307692311,-0.08475034749034747,-0.11078864341085279
1419,65,14,ヒノキ,9.223300971,0.1662716602316603,0.05919826254826256,0.03763891891891893,-0.05333057692307693,-0.08578173745173748,-0.11213038759689928
1420,66,14,ヒノキ,8.737864078,0.16175625482625472,0.055350154440154425,0.03410019305019306,-0.05626088461538464,-0.08861536679536676,-0.1150883333333333
1421,67,14,ヒノキ,8.252427184,0.15944343629343624,0.05345258687258688,0.03264007722007721,-0.057219423076923084,-0.08922046332046334,-0.11542662790697673
1422,68,14,ヒノキ,7.766990291,0.15534281853281853,0.05093818532818533,0.030519613899613888,-0.05857334615384617,-0.09014857142857141,-0.11609147286821711
1423,69,14,ヒノキ,7.281553398,0.15304135135135133,0.04895366795366794,0.028800579150579177,-0.05995834615384616,-0.09140231660231665,-0.11725271317829462
1424,70,14,ヒノキ,6.796116505,0.1499504633204633,0.046677992277992277,0.026773050193050214,-0.061688846153846184,-0.09288671814671809,-0.11869023255813957
1425,71,14,ヒノキ,6.310679612,0.1462246718146719,0.043910386100386105,0.02431108108108108,-0.0635711923076923,-0.09447250965250958,-0.12007166666666658
1426,72,14,ヒノキ,6.310679612,0.1441746332046333,0.04254166023166023,0.02303200772200772,-0.06475696153846151,-0.0955269884169884,-0.12105790697674416
1427,73,14,ヒノキ,5.825242718,0.14308223938223927,0.041526447876447874,0.022141660231660223,-0.06563249999999998,-0.09635521235521231,-0.12177782945736439
1428,74,14,ヒノキ,5.825242718,0.14105223938223937,0.039874980694980675,0.020760810810810826,-0.06665726923076921,-0.09721888030888033,-0.12261484496124024
1429,75,14,ヒノキ,5.339805825,0.14101154440154443,0.039976138996138985,0.02070204633204633,-0.06683473076923077,-0.09748416988416994,-0.12290988372093016
1430,76,14,ヒノキ,5.339805825,0.14063868725868722,0.03950212355212357,0.020437722007722,-0.06710830769230768,-0.0976464478764478,-0.12299895348837214
1431,77,14,ヒノキ,4.854368932,0.13968953667953674,0.0390980308880309,0.019949305019305023,-0.06743634615384621,-0.09796644787644788,-0.12327631782945746
1432,78,14,ヒノキ,5.339805825,0.1400048648648648,0.03927463320463318,0.020095714285714276,-0.06744211538461543,-0.09799810810810816,-0.12325891472868215
1433,79,14,ヒノキ,4.854368932,0.13849104247104244,0.038273745173745176,0.019331583011582994,-0.06791292307692305,-0.09830841698841701,-0.12346085271317835
1434,80,14,ヒノキ,5.339805825,0.13951555984555974,0.03914903474903476,0.01990571428571428,-0.06766261538461542,-0.09825764478764483,-0.12358317829457367
1435,81,14,ヒノキ,4.854368932,0.1397697297297297,0.039450501930501924,0.02026054054054054,-0.06747500000000002,-0.09802420849420852,-0.12318317829457369
1436,82,14,ヒノキ,4.854368932,0.13945135135135142,0.039359961389961375,0.01995687258687257,-0.06775650000000008,-0.09847992277992271,-0.12380934108527132
1437,83,14,ヒノキ,4.368932039,0.13982181467181465,0.03959328185328188,0.020190077220077197,-0.06764000000000009,-0.09837467181467181,-0.12373065891472868
1438,84,14,ヒノキ,5.339805825,0.1393699613899613,0.03926907335907335,0.01988586872586874,-0.06776680769230763,-0.09851185328185331,-0.12386306201550391
1439,85,14,ヒノキ,5.339805825,0.1404500772200772,0.040098146718146724,0.020652471042471036,-0.06718530769230771,-0.09793123552123557,-0.12320651162790698
1440,86,14,ヒノキ,5.339805825,0.13953517374517377,0.03953598455598456,0.020228996138996126,-0.0672901538461538,-0.09790366795366798,-0.12305484496124039
1441,87,14,ヒノキ,5.825242718,0.14037081081081082,0.04014498069498069,0.020617104247104258,-0.06721246153846158,-0.09804432432432438,-0.12334817829457363
1442,88,14,ヒノキ,5.825242718,0.14003822393822388,0.03976660231660231,0.020408146718146725,-0.06735203846153842,-0.09804250965250966,-0.12324406976744184
1443,89,14,ヒノキ,5.825242718,0.13987965250965248,0.03942810810810811,0.02019718146718145,-0.06751419230769229,-0.09815903474903477,-0.1233892635658914
1444,90,14,ヒノキ,5.825242718,0.14034297297297296,0.03987115830115832,0.020480386100386095,-0.06699415384615384,-0.09774096525096529,-0.12304348837209297
1445,91,14,ヒノキ,6.310679612,0.14245706563706564,0.041362239382239374,0.02160810810810811,-0.06668923076923074,-0.09777162162162165,-0.12330841085271313
1446,92,14,ヒノキ,6.310679612,0.1413383397683398,0.03978640926640928,0.020112509652509644,-0.06821357692307699,-0.099402664092664,-0.12513968992248062
1447,93,14,ヒノキ,5.825242718,0.1396687258687259,0.03871293436293435,0.019124478764478745,-0.06878830769230763,-0.09986335907335903,-0.12562290697674422
1448,94,14,ヒノキ,6.796116505,0.13900996138996127,0.03811324324324325,0.01894664092664093,-0.06866715384615382,-0.09937969111969117,-0.12475058139534888
1449,95,14,ヒノキ,6.796116505,0.14015277992277989,0.039195366795366796,0.01993397683397682,-0.06782850000000008,-0.09849065637065636,-0.12377658914728676
1450,96,14,ヒノキ,6.796116505,0.13988335907335905,0.03917984555984556,0.019953861003860998,-0.06779434615384615,-0.09844166023166018,-0.12368085271317834
1451,97,14,ヒノキ,6.796116505,0.14053189189189194,0.03980548262548262,0.020229652509652505,-0.06759088461538465,-0.09850880308880307,-0.12393996124031004
1452,98,14,ヒノキ,7.281553398,0.13998826254826258,0.039532277992277993,0.019998185328185314,-0.0678560384615384,-0.09873038610038615,-0.12413364341085274
1453,99,14,ヒノキ,7.281553398,0.13949903474903474,0.03838610038610039,0.01929459459459459,-0.06835692307692304,-0.09901335907335902,-0.12427558139534883
1454,100,14,ヒノキ,7.281553398,0.13835436293436293,0.03793872586872586,0.018899343629343656,-0.06853957692307684,-0.09908544401544402,-0.12434596899224815
1455,101,14,ヒノキ,7.281553398,0.1385279922779922,0.038074555984555974,0.0188945173745174,-0.0686394615384616,-0.09925081081081084,-0.12457054263565895
1456,102,14,ヒノキ,6.796116505,0.13749949806949813,0.03724123552123553,0.018332779922779922,-0.06878434615384617,-0.09916366795366797,-0.12435980620155046
1457,103,14,ヒノキ,7.281553398,0.1379950965250966,0.037661776061776085,0.01883525096525096,-0.06836000000000002,-0.09864694980694984,-0.12371701550387591
1458,104,14,ヒノキ,7.281553398,0.13715038610038605,0.03730861003861003,0.018556023166023172,-0.06841792307692307,-0.09859397683397686,-0.12356600775193806
1459,105,14,ヒノキ,7.281553398,0.13798559845559846,0.03778984555984554,0.018986988416988423,-0.06822515384615387,-0.09849200772200777,-0.12346565891472863
1460,106,14,ヒノキ,7.281553398,0.13729957528957523,0.03735409266409266,0.018560154440154446,-0.06845207692307693,-0.09867544401544404,-0.12366996124031003
1461,107,14,ヒノキ,6.796116505,0.13813135135135124,0.03788606177606177,0.01902277992277995,-0.06822384615384615,-0.09854706563706558,-0.12357174418604656
1462,108,14,ヒノキ,7.281553398,0.13673544401544402,0.03656617760617762,0.018112200772200767,-0.06880842307692306,-0.09890644787644788,-0.12378333333333326
1463,109,14,ヒノキ,7.281553398,0.13655806949806942,0.03635312741312742,0.01784710424710424,-0.06908488461538462,-0.0992125096525096,-0.12421562015503873
1464,110,14,ヒノキ,6.310679612,0.13533266409266412,0.035586833976833966,0.017300579150579153,-0.0693203846153846,-0.09920467181467175,-0.12408186046511636
1465,111,14,ヒノキ,6.796116505,0.13552027027027033,0.035674903474903465,0.017451583011583005,-0.0692811538461539,-0.09914837837837844,-0.12398236434108523
1466,112,14,ヒノキ,6.796116505,0.1347133590733591,0.03498907335907336,0.01692281853281853,-0.06955261538461538,-0.09927714285714287,-0.12407468992248064
1467,113,14,ヒノキ,6.796116505,0.13493200772200778,0.03503548262548263,0.016994131274131286,-0.0696824615384615,-0.09948027027027032,-0.12427499999999991
1468,114,14,ヒノキ,6.796116505,0.13388420849420843,0.034240154440154436,0.016357915057915055,-0.07004649999999996,-0.09967884169884166,-0.12442682170542632
1469,115,14,ヒノキ,6.310679612,0.13644640926640922,0.03598586872586873,0.017901235521235532,-0.06947446153846155,-0.09927366795366795,-0.12411624031007752
1470,116,14,ヒノキ,5.825242718,0.13493285714285716,0.03441567567567567,0.016300115830115813,-0.07089757692307691,-0.1008694980694981,-0.12598189922480613
1471,117,14,ヒノキ,5.825242718,0.1337442084942085,0.03337088803088803,0.01533606177606179,-0.0716940384615385,-0.1017029343629344,-0.1269627131782946
1472,118,14,ヒノキ,5.825242718,0.13294220077220079,0.033017837837837835,0.015228610038610054,-0.07138142307692308,-0.10106223938223949,-0.12600352713178295
1473,119,14,ヒノキ,5.339805825,0.13255583011583005,0.03287571428571428,0.015271467181467156,-0.07107150000000002,-0.10058656370656366,-0.1253862403100775
1474,120,14,ヒノキ,5.825242718,0.13211135135135144,0.0326426640926641,0.015087606177606171,-0.0711096538461538,-0.10056409266409261,-0.1253663953488372
1475,121,14,ヒノキ,5.339805825,0.1334701544401544,0.03371486486486486,0.01601810810810812,-0.07059253846153846,-0.10012590733590727,-0.12488624031007754
1476,122,14,ヒノキ,4.854368932,0.13328042471042464,0.03322984555984556,0.015442277992277986,-0.07117880769230768,-0.1009227027027026,-0.1258472480620155
1477,123,14,ヒノキ,4.854368932,0.1328671042471042,0.033132432432432427,0.01543752895752896,-0.07095653846153845,-0.10053571428571431,-0.1253423255813952
1478,124,14,ヒノキ,4.854368932,0.13449,0.03436590733590734,0.016622355212355226,-0.07017211538461537,-0.0997455598455598,-0.12445391472868211
1479,125,14,ヒノキ,5.339805825,0.13354108108108115,0.03369042471042471,0.015813281853281857,-0.07095873076923073,-0.1007163706563707,-0.12565914728682168
1480,126,14,ヒノキ,4.854368932,0.13275482625482632,0.03314555984555986,0.015323629343629328,-0.0712541538461538,-0.10097247104247108,-0.12595158914728682
1481,127,14,ヒノキ,4.854368932,0.13277092664092663,0.033090501930501934,0.015420154440154432,-0.07093461538461544,-0.10052382239382235,-0.12534178294573647
1482,128,14,ヒノキ,4.854368932,0.13379266409266405,0.03396100386100386,0.016229382239382268,-0.07049192307692305,-0.10010899613899621,-0.12491209302325587
1483,129,14,ヒノキ,4.854368932,0.13300957528957522,0.033169459459459476,0.015388223938223927,-0.07129749999999997,-0.10102722007722002,-0.12597461240310076
1484,130,14,ヒノキ,4.368932039,0.1324049806949806,0.032741583011583,0.01511030888030887,-0.0713353076923077,-0.10092586872586871,-0.12577341085271318
1485,131,14,ヒノキ,4.368932039,0.13163559845559844,0.03218760617760618,0.014900154440154443,-0.07113100000000003,-0.10041679536679543,-0.1250512403100775
1486,132,14,ヒノキ,3.398058252,0.13189714285714285,0.032077837837837825,0.01492297297297298,-0.07115738461538468,-0.1003827413127414,-0.12496143410852714
1487,133,14,ヒノキ,4.368932039,0.13082088803088798,0.031111467181467165,0.014242702702702703,-0.07157046153846157,-0.10063050193050199,-0.12515972868217054
1488,134,14,ヒノキ,3.883495146,0.12949216216216208,0.029851698841698835,0.01345513513513514,-0.07200042307692309,-0.1007544015444015,-0.12510891472868216
1489,135,14,ヒノキ,3.398058252,0.12893918918918923,0.029593166023166025,0.013183436293436306,-0.07241526923076923,-0.1011364092664093,-0.12557182170542644
1490,136,14,ヒノキ,3.398058252,0.1285290347490348,0.029015135135135137,0.012738108108108104,-0.07295557692307693,-0.101655945945946,-0.12615686046511623
1491,137,14,ヒノキ,2.912621359,0.12788084942084937,0.028151235521235524,0.011959459459459462,-0.07359903846153845,-0.10231196911196908,-0.12681267441860467
1492,138,14,ヒノキ,2.912621359,0.1274885714285714,0.02733081081081081,0.01152528957528957,-0.07386899999999999,-0.10230185328185327,-0.1266477519379845
1493,139,14,ヒノキ,1.941747573,0.12609640926640928,0.026059111969111953,0.010589768339768357,-0.0744131923076923,-0.10250629343629343,-0.12657155038759704
1494,140,14,ヒノキ,1.941747573,0.12606123552123552,0.0248769498069498,0.009780888030888031,-0.07507219230769228,-0.10293861003861,-0.12681686046511634
1495,141,14,ヒノキ,0.970873786,0.1266277606177606,0.02539212355212355,0.010405482625482625,-0.07496219230769234,-0.10272980694980689,-0.12653934108527137
1496,1,15,ベイスギ,298.5815603,0.9483766023166023,0.8142332432432429,0.7880423938223935,0.5488582692307691,0.4017591119691122,0.3304980620155044
1497,2,15,ベイスギ,288.6524823,0.773697799227799,0.6707652509652513,0.6529184555984555,0.4738803846153847,0.36166563706563704,0.3007712403100775
1498,3,15,ベイスギ,280.8510638,0.6295367567567575,0.5453489575289578,0.5302902316602318,0.39774223076923076,0.31138459459459444,0.26035608527131815
1499,4,15,ベイスギ,273.0496454,0.5820768725868727,0.5025373359073361,0.48575922779922776,0.3658646923076924,0.2877513899613899,0.2407014728682172
1500,5,15,ベイスギ,265.9574468,0.5446322393822397,0.4668824324324322,0.447535521235521,0.33584703846153824,0.26394760617760626,0.2201941085271318
1501,6,15,ベイスギ,258.8652482,0.48734509652509667,0.4094908108108109,0.38542953667953656,0.28254619230769257,0.21894339768339766,0.18036736434108527
1502,7,15,ベイスギ,251.0638298,0.43111289575289585,0.35380069498069505,0.326297799227799,0.23171538461538466,0.17552111969111958,0.14126290697674418
1503,8,15,ベイスギ,244.6808511,0.3746386486486485,0.29584444015444017,0.2652734749034748,0.17671488461538465,0.12735297297297293,0.09734616279069762
1504,9,15,ベイスギ,237.5886525,0.32949694980694977,0.24872714285714295,0.21549444015444016,0.13056130769230773,0.08652621621621623,0.059940310077519404
1505,10,15,ベイスギ,231.2056738,0.3008006563706563,0.21660181467181464,0.18183583011583024,0.09727949999999999,0.056171891891891944,0.03174841085271319
1506,11,15,ベイスギ,224.822695,0.28468123552123553,0.19675575289575298,0.16098424710424702,0.07457138461538461,0.03452386100386101,0.011287480620155036
1507,12,15,ベイスギ,217.7304965,0.2746825482625483,0.1833324324324325,0.1469184555984555,0.057228884615384584,0.017313667953667962,-0.005007209302325585
1508,13,15,ベイスギ,212.0567376,0.26700498069498063,0.17237478764478759,0.1354467953667954,0.0426555,0.0027521235521235535,-0.018861744186046504
1509,14,15,ベイスギ,205.6737589,0.25977254826254814,0.16237818532818532,0.12522378378378377,0.029954653846153853,-0.009614555984555991,-0.030481317829457386
1510,15,15,ベイスギ,199.2907801,0.2548647876447875,0.15557447876447883,0.11841915057915056,0.02069192307692307,-0.01894972972972974,-0.03931604651162793
1511,16,15,ベイスギ,194.3262411,0.25075725868725873,0.1504589189189189,0.11344853281853284,0.013766346153846155,-0.026087915057915093,-0.04620174418604645
1512,17,15,ベイスギ,188.6524823,0.24749876447876443,0.1462283011583011,0.10937988416988415,0.008006423076923081,-0.032179150579150585,-0.05215038759689923
1513,18,15,ベイスギ,183.6879433,0.243905250965251,0.14244899613899617,0.10599127413127413,0.0034178076923076874,-0.03692115830115831,-0.056714031007751964
1514,19,15,ベイスギ,178.7234043,0.24031351351351354,0.13883154440154438,0.1027762162162162,-0.000345846153846152,-0.04071007722007721,-0.06042585271317829
1515,20,15,ベイスギ,173.7588652,0.23693169884169882,0.13554891891891893,0.09990633204633202,-0.0036219230769230916,-0.0439881467181467,-0.06356224806201548
1516,21,15,ベイスギ,169.5035461,0.2348629343629343,0.13294069498069497,0.09756088803088804,-0.006575500000000006,-0.04717231660231659,-0.06690453488372093
1517,22,15,ベイスギ,164.5390071,0.2322532818532817,0.13033903474903474,0.09510490347490341,-0.009416461538461533,-0.05017725868725868,-0.0701062403100775
1518,23,15,ベイスギ,160.2836879,0.22923583011583018,0.1276512741312741,0.09265077220077221,-0.011982692307692324,-0.05269424710424706,-0.07270034883720927
1519,24,15,ベイスギ,156.0283688,0.22683459459459454,0.1250937837837838,0.09033355212355208,-0.01426653846153847,-0.05487119691119689,-0.0749324418604651
1520,25,15,ベイスギ,151.7730496,0.22404729729729725,0.12239250965250964,0.08793725868725862,-0.01651642307692309,-0.05693254826254825,-0.07709426356589145
1521,26,15,ベイスギ,148.2269504,0.22061559845559842,0.11962841698841696,0.08551644787644788,-0.01853115384615385,-0.058527683397683404,-0.07865895348837211
1522,27,15,ベイスギ,143.2624113,0.21796918918918926,0.11684571428571427,0.08313752895752896,-0.020537230769230756,-0.0601731274131274,-0.08029817829457368
1523,28,15,ベイスギ,140.4255319,0.21480486486486494,0.11405069498069498,0.08075776061776065,-0.02244703846153844,-0.061706602316602355,-0.08181143410852712
1524,29,15,ベイスギ,136.8794326,0.2122492664092664,0.11126625482625482,0.07842725868725864,-0.024276461538461525,-0.06323795366795369,-0.0833457751937984
1525,30,15,ベイスギ,133.3333333,0.20843027027027036,0.10812119691119691,0.0757836293436294,-0.026236730769230766,-0.06465467181467181,-0.08457953488372094
1526,31,15,ベイスギ,129.0780142,0.20512223938223925,0.10506274131274128,0.07323575289575286,-0.028122692307692352,-0.06604888030888034,-0.08590372093023252
1527,32,15,ベイスギ,126.2411348,0.20197610038610023,0.10206772200772202,0.07072007722007716,-0.029971807692307652,-0.06742756756756758,-0.08713662790697678
1528,33,15,ベイスギ,122.6950355,0.19882540540540536,0.09916347490347492,0.068270888030888,-0.0317691923076923,-0.0687752895752896,-0.0883280620155039
1529,34,15,ベイスギ,119.1489362,0.19536691119691113,0.09614833976833977,0.06573972972972973,-0.03355384615384614,-0.07001698841698839,-0.08942186046511631
1530,35,15,ベイスギ,115.6028369,0.19262042471042481,0.09323069498069503,0.0632631274131274,-0.035362269230769246,-0.07140803088803087,-0.09073678294573646
1531,36,15,ベイスギ,112.7659574,0.18922629343629355,0.09024281853281853,0.06076922779922783,-0.03710519230769226,-0.07264818532818529,-0.09178895348837202
1532,37,15,ベイスギ,109.2198582,0.18605942084942098,0.0872485714285714,0.058273976833976816,-0.03884246153846156,-0.07389972972972975,-0.09286120155038767
1533,38,15,ベイスギ,106.3829787,0.18336988416988415,0.08458760617760616,0.05600918918918919,-0.04040769230769233,-0.07506335907335908,-0.09390511627906972
1534,39,15,ベイスギ,102.8368794,0.18006880308880305,0.08186138996138996,0.05364918918918917,-0.042060653846153866,-0.07625548262548258,-0.09492100775193799
1535,40,15,ベイスギ,100.7092199,0.17756610038610043,0.07915729729729726,0.05136559845559849,-0.043665653846153854,-0.07742428571428575,-0.09597651162790696
1536,41,15,ベイスギ,97.16312057,0.17454258687258697,0.07665490347490349,0.04925610038610041,-0.045149807692307704,-0.07848115830115826,-0.0968340310077519
1537,42,15,ベイスギ,94.32624113,0.17161138996139008,0.07403490347490348,0.04700942084942089,-0.046723576923076895,-0.07960563706563713,-0.09774833333333338
1538,43,15,ベイスギ,91.4893617,0.16913679536679546,0.07152745173745173,0.04483656370656373,-0.048268846153846134,-0.08081667953667951,-0.09887375968992251
1539,44,15,ベイスギ,88.65248227,0.16652135135135132,0.06908088803088801,0.04273521235521237,-0.049735153846153825,-0.08190745173745173,-0.09979639534883725
1540,45,15,ベイスギ,86.5248227,0.16372629343629358,0.06662509652509654,0.040639498069498056,-0.051213961538461535,-0.08305119691119692,-0.10073507751937978
1541,46,15,ベイスギ,82.26950355,0.16098166023166033,0.06422694980694979,0.038584517374517346,-0.0526646538461539,-0.08413277992277991,-0.1015813565891472
1542,47,15,ベイスギ,80.85106383,0.158733474903475,0.06217787644787644,0.036839382239382254,-0.05384803846153841,-0.08502065637065635,-0.10226484496124034
1543,48,15,ベイスギ,78.0141844,0.1559757915057915,0.0598938223938224,0.03487297297297294,-0.05519126923076923,-0.086028416988417,-0.10312782945736437
1544,49,15,ベイスギ,75.88652482,0.15368888030888025,0.057626023166023166,0.032888494208494226,-0.05660415384615387,-0.08719563706563711,-0.1041318217054264
1545,50,15,ベイスギ,73.75886525,0.15076007722007728,0.05522088803088802,0.030814092664092678,-0.05808307692307695,-0.08832949806949805,-0.10510310077519378
1546,51,15,ベイスギ,70.21276596,0.1481874517374517,0.05296741312741313,0.028880193050193036,-0.05944557692307693,-0.08933772200772201,-0.10590488372093024
1547,52,15,ベイスギ,68.08510638,0.14555254826254838,0.05061853281853281,0.02688235521235523,-0.060867346153846195,-0.0904367953667954,-0.10682829457364344
1548,53,15,ベイスギ,65.95744681,0.14249027027027025,0.048260694980694976,0.024888610038610037,-0.0622308846153846,-0.09142277992277993,-0.1075354651162791
1549,54,15,ベイスギ,63.82978723,0.13981725868725883,0.04589756756756757,0.022886679536679555,-0.06360430769230763,-0.09244845559845548,-0.10837697674418603
1550,55,15,ベイスギ,60.9929078,0.13732540540540544,0.04353953667953668,0.020895366795366823,-0.06504815384615385,-0.09365868725868728,-0.10945445736434099
1551,56,15,ベイスギ,58.15602837,0.13413540540540547,0.0411361776061776,0.018897528957528956,-0.06638996153846151,-0.09458247104247107,-0.11005534883720934
1552,57,15,ベイスギ,56.73758865,0.13153795366795357,0.03862281853281852,0.016791196911196907,-0.06780023076923077,-0.09565861003860994,-0.11093038759689919
1553,58,15,ベイスギ,54.60992908,0.12834903474903483,0.036179806949806936,0.014828764478764482,-0.06900738461538461,-0.09642486486486489,-0.11136682170542635
1554,59,15,ベイスギ,52.4822695,0.12463065637065639,0.03347791505791505,0.012622818532818538,-0.07038515384615382,-0.09729054054054054,-0.11183980620155042
1555,60,15,ベイスギ,50.35460993,0.12158463320463318,0.030540926640926645,0.01023011583011584,-0.07186007692307696,-0.09816899613899616,-0.11210182170542633
1556,61,15,ベイスギ,48.22695035,0.12046239382239383,0.028221930501930493,0.008474285714285724,-0.0727807307692308,-0.09844243243243242,-0.11137569767441866
1557,62,15,ベイスギ,46.09929078,0.12001316602316603,0.025768185328185332,0.0065698841698841656,-0.07377361538461541,-0.0986458687258687,-0.11024554263565889
1558,63,15,ベイスギ,44.68085106,0.12101945945945941,0.023297953667953668,0.004712548262548266,-0.07469323076923069,-0.09863888030888034,-0.10862263565891468
1559,64,15,ベイスギ,42.55319149,0.12357957528957528,0.020999498069498072,0.0030554826254826336,-0.07539884615384611,-0.09830725868725865,-0.10648236434108532
1560,65,15,ベイスギ,40.42553191,0.12602131274131267,0.019173243243243238,0.0017889189189189225,-0.07594165384615385,-0.09786644787644784,-0.10433844961240304
1561,66,15,ベイスギ,38.29787234,0.1305193436293436,0.017236756756756757,0.0002566409266409262,-0.07692876923076919,-0.09805694980694978,-0.10290976744186045
1562,67,15,ベイスギ,36.87943262,0.13674451737451745,0.01531602316602316,-0.001251196911196914,-0.07793353846153848,-0.0982357915057915,-0.10135333333333335
1563,68,15,ベイスギ,34.75177305,0.14553135135135128,0.013391312741312741,-0.0027057142857142835,-0.07882111538461542,-0.09817737451737445,-0.09936298449612403
1564,69,15,ベイスギ,33.33333333,0.15519308880308877,0.01161416988416988,-0.004010193050193049,-0.07948061538461534,-0.09770969111969101,-0.09679135658914723
1565,70,15,ベイスギ,31.91489362,0.1626035907335908,0.010004710424710427,-0.005162239382239383,-0.07998973076923077,-0.09709011583011577,-0.09401379844961247
1566,71,15,ベイスギ,31.20567376,0.1678573359073359,0.008371698841698846,-0.0062712741312741325,-0.0804234615384615,-0.0963031274131274,-0.09083383720930235
1567,72,15,ベイスギ,29.78723404,0.17154432432432432,0.006616100386100382,-0.007442509652509652,-0.08076707692307701,-0.09521888030888036,-0.08705197674418606
1568,73,15,ベイスギ,28.36879433,0.17412876447876435,0.004941274131274137,-0.008512818532818534,-0.08104357692307691,-0.09409629343629339,-0.08304984496124035
1569,74,15,ベイスギ,26.95035461,0.17525764478764483,0.003308416988416987,-0.009479691119691122,-0.08126615384615384,-0.09286602316602321,-0.07896317829457364
1570,75,15,ベイスギ,25.53191489,0.17535899613899625,0.0013415830115830198,-0.010750308880308874,-0.08142676923076923,-0.09111096525096525,-0.07326267441860466
1571,76,15,ベイスギ,24.82269504,0.17405084942084945,-0.0008350579150578977,-0.012132857142857138,-0.08148288461538461,-0.08894212355212362,-0.06622837209302322
1572,77,15,ベイスギ,24.11347518,0.1723271814671815,-0.002892123552123526,-0.013433861003861004,-0.08143884615384621,-0.08668745173745172,-0.05915364341085268
1573,78,15,ベイスギ,23.40425532,0.16990436293436295,-0.004647760617760616,-0.014513552123552126,-0.08130888461538456,-0.08463949806949807,-0.052786279069767454
1574,79,15,ベイスギ,22.69503546,0.16804544401544408,-0.0061849034749034875,-0.015444980694980693,-0.08122499999999995,-0.08294640926640924,-0.04742248062015503
1575,80,15,ベイスギ,21.9858156,0.16671200772200775,-0.007309034749034749,-0.016105135135135135,-0.08113276923076918,-0.08165073359073358,-0.04345934108527129
1576,81,15,ベイスギ,21.27659574,0.164827722007722,-0.008209961389961383,-0.01660992277992279,-0.0810132692307693,-0.08052907335907339,-0.040093023255813924
1577,82,15,ベイスギ,20.56737589,0.1644216988416989,-0.008772741312741297,-0.016920810810810812,-0.08099273076923079,-0.07991088803088803,-0.038174496124030996
1578,83,15,ベイスギ,19.85815603,0.16341833976833983,-0.009357297297297302,-0.017256756756756753,-0.08093134615384621,-0.07919640926640925,-0.03612403100775191
1579,84,15,ベイスギ,19.85815603,0.1628688803088802,-0.00980362934362935,-0.01747888030888031,-0.08086469230769232,-0.07862142857142855,-0.034463992248062014
1580,85,15,ベイスギ,19.14893617,0.16232034749034746,-0.010200733590733601,-0.01769436293436294,-0.0807951153846154,-0.07808822393822394,-0.033035387596899224
1581,86,15,ベイスギ,18.43971631,0.16205833976833978,-0.010538030888030889,-0.017867297297297288,-0.08077350000000005,-0.07768903474903474,-0.03188255813953488
1582,87,15,ベイスギ,18.43971631,0.1617117374517374,-0.010786872586872606,-0.01799084942084943,-0.08072057692307685,-0.0773764478764479,-0.031044651162790704
1583,88,15,ベイスギ,17.73049645,0.16164509652509654,-0.011009536679536669,-0.01810552123552123,-0.08070696153846153,-0.07712532818532819,-0.03035806201550388
1584,89,15,ベイスギ,17.73049645,0.16137374517374517,-0.01118208494208495,-0.018195173745173744,-0.08069753846153849,-0.07694320463320468,-0.029831395348837202
1585,90,15,ベイスギ,17.73049645,0.1611962934362935,-0.011330965250965249,-0.018280888030888023,-0.08071488461538462,-0.07680239382239382,-0.029492364341085257
1586,91,15,ベイスギ,17.0212766,0.1610877220077219,-0.011457065637065627,-0.018349150579150576,-0.08071653846153845,-0.07666864864864864,-0.028999961240310075
1587,92,15,ベイスギ,17.0212766,0.16124486486486486,-0.011585637065637066,-0.018392741312741313,-0.0806885384615385,-0.07648042471042474,-0.028515465116279077
1588,93,15,ベイスギ,17.0212766,0.16104884169884182,-0.011722393822393823,-0.018484710424710428,-0.08072369230769234,-0.07639289575289573,-0.028202054263565885
1589,94,15,ベイスギ,17.0212766,0.16099694980694976,-0.011752432432432446,-0.018499266409266406,-0.08072557692307694,-0.07637988416988416,-0.028218488372093026
1590,95,15,ベイスギ,16.31205674,0.16108355212355213,-0.011722471042471058,-0.01847428571428572,-0.08073423076923075,-0.07642247104247103,-0.02828445736434108
1591,96,15,ベイスギ,16.31205674,0.1610789189189189,-0.01176849420849421,-0.018498455598455595,-0.0806907307692308,-0.07628428571428576,-0.027983798449612404
1592,97,15,ベイスギ,16.31205674,0.1608424324324325,-0.011853976833976824,-0.018558069498069492,-0.08066415384615379,-0.07618409266409265,-0.027698023255813945
1593,98,15,ベイスギ,15.60283688,0.161068223938224,-0.011840077220077221,-0.018502779922779926,-0.08046015384615385,-0.07583138996138995,-0.027076666666666662
1594,99,15,ベイスギ,15.60283688,0.1606917760617761,-0.011736679536679522,-0.018296988416988416,-0.08002515384615387,-0.07524042471042468,-0.02612910852713178
1595,100,15,ベイスギ,15.60283688,0.16047513513513517,-0.011971814671814667,-0.01820814671814673,-0.07950288461538461,-0.07415401544401541,-0.02385949612403101
1596,101,15,ベイスギ,15.60283688,0.16034895752895756,-0.012084440154440148,-0.018001119691119696,-0.07891353846153853,-0.07299254826254824,-0.021752054263565888
1597,102,15,ベイスギ,15.60283688,0.16026474903474908,-0.01233957528957529,-0.01815463320463321,-0.07899176923076924,-0.07283173745173745,-0.021074961240310077
1598,103,15,ベイスギ,14.89361702,0.15943505791505796,-0.012755405405405408,-0.018445328185328184,-0.07918107692307698,-0.07274837837837834,-0.02033771317829458
1599,104,15,ベイスギ,15.60283688,0.1592548648648649,-0.013132895752895741,-0.018721505791505787,-0.07936211538461538,-0.0726632046332046,-0.019729224806201553
1600,105,15,ベイスギ,14.89361702,0.1590173745173745,-0.013530617760617779,-0.018988378378378377,-0.0794653846153846,-0.07235297297297298,-0.018605271317829464
1601,106,15,ベイスギ,14.89361702,0.15854054054054054,-0.013972046332046347,-0.019224942084942093,-0.07949142307692313,-0.07191613899613898,-0.0172015503875969
1602,107,15,ベイスギ,14.18439716,0.15792386100386097,-0.014285019305019303,-0.019375984555984563,-0.07948326923076927,-0.0715799227799228,-0.016180581395348836
1603,108,15,ベイスギ,14.18439716,0.15800193050193054,-0.014577567567567593,-0.01951710424710425,-0.0794602307692308,-0.07115544401544403,-0.015046705426356591
1604,109,15,ベイスギ,13.4751773,0.1576471428571428,-0.015057606177606174,-0.019749999999999997,-0.07943761538461538,-0.07064822393822395,-0.013429844961240311
1605,110,15,ベイスギ,13.4751773,0.1570410038610039,-0.015553011583011572,-0.020008030888030878,-0.0793945,-0.06999123552123544,-0.011598720930232563
1606,111,15,ベイスギ,12.76595745,0.15727339768339765,-0.015502895752895773,-0.019989305019305022,-0.07944461538461546,-0.07011953667953671,-0.01185023255813954
1607,112,15,ベイスギ,12.76595745,0.1571860231660232,-0.01555081081081081,-0.019952779922779912,-0.0793521923076923,-0.06987177606177603,-0.01141093023255814
1608,1,16,米ヒバ,180.5429864,1.1298926640926632,0.9181813513513517,0.8362191891891896,0.5238974615384618,0.3548688030888031,0.27941364341085295
1609,2,16,米ヒバ,173.3031674,1.0165257142857147,0.8272804247104241,0.7594491891891887,0.4843407692307689,0.3371413899613899,0.267278488372093
1610,3,16,米ヒバ,167.8733032,0.8645174903474905,0.7052947104247101,0.6502962548262552,0.4270120000000001,0.305915945945946,0.2438178294573644
1611,4,16,米ヒバ,161.5384615,0.7390172586872584,0.5961694594594594,0.5457777220077222,0.36313892307692297,0.26447988416988444,0.21061034883720925
1612,5,16,米ヒバ,156.561086,0.6596171042471041,0.5205898455598453,0.46918011583011576,0.305334153846154,0.21998166023166024,0.17267748062015498
1613,6,16,米ヒバ,152.0361991,0.5986876061776065,0.46183216216216205,0.40980988416988445,0.25704053846153846,0.18069142857142856,0.13804158914728681
1614,7,16,米ヒバ,146.6063348,0.555620115830116,0.4184179150579149,0.3652854054054056,0.21790826923076928,0.14749683397683402,0.10794604651162797
1615,8,16,米ヒバ,142.081448,0.5146001544401543,0.3752992277992278,0.32148799227799224,0.17759492307692307,0.11264027027027029,0.07605488372093025
1616,9,16,米ヒバ,137.1040724,0.48994019305019304,0.3472411196911194,0.2928381853281855,0.1479908846153846,0.08592872586872591,0.05123976744186043
1617,10,16,米ヒバ,132.1266968,0.47161428571428554,0.32632671814671815,0.2722678764478766,0.1275080384615385,0.06795799227799232,0.034673565891472885
1618,11,16,米ヒバ,127.1493213,0.4579745173745172,0.31173710424710416,0.258274054054054,0.1131588461538462,0.05510316602316602,0.022665697674418617
1619,12,16,米ヒバ,123.0769231,0.4479184555984557,0.30131756756756767,0.24846544401544404,0.1032299230769231,0.0466396138996139,0.014908410852713183
1620,13,16,米ヒバ,118.5520362,0.4419951737451739,0.2943375675675675,0.24204034749034756,0.09636499999999994,0.040443552123552114,0.008942286821705416
1621,14,16,米ヒバ,114.479638,0.43738471042471044,0.2896226640926641,0.23823710424710412,0.09237176923076913,0.03673972972972971,0.005113488372093024
1622,15,16,米ヒバ,110.8597285,0.4339190733590732,0.28617019305019314,0.23529644787644785,0.0892938846153846,0.03374096525096525,0.0017452713178294568
1623,16,16,米ヒバ,106.7873303,0.43134220077220087,0.2827659073359073,0.23235849420849414,0.08644634615384617,0.031054594594594597,-0.0011787984496124046
1624,17,16,米ヒバ,103.6199095,0.42731111969111946,0.27898428571428563,0.22919285714285711,0.08383326923076927,0.028861003861003865,-0.003509612403100775
1625,18,16,米ヒバ,100.0,0.42284455598455595,0.2749242857142857,0.22590135135135148,0.08140546153846155,0.027045289575289566,-0.0053394186046511576
1626,19,16,米ヒバ,96.83257919,0.41853355212355203,0.2706758301158301,0.22243324324324334,0.07909607692307698,0.0254196138996139,-0.006866472868217055
1627,20,16,米ヒバ,93.21266968,0.4137501544401541,0.26614818532818535,0.2186888030888031,0.07651457692307691,0.023535057915057916,-0.008614844961240308
1628,21,16,米ヒバ,90.04524887,0.4076750579150579,0.261015135135135,0.21444150579150573,0.0736963076923077,0.021633397683397684,-0.010255193798449616
1629,22,16,米ヒバ,87.78280543,0.4028842857142857,0.2560137065637065,0.21031752895752906,0.07087888461538461,0.019620733590733592,-0.01210763565891473
1630,23,16,米ヒバ,84.61538462,0.3970233204633204,0.2505261003861005,0.2056940540540543,0.06765084615384616,0.017283088803088802,-0.014135697674418614
1631,24,16,米ヒバ,81.90045249,0.3920437451737453,0.2453176833976833,0.20132548262548264,0.06465507692307693,0.015141158301158303,-0.0160034496124031
1632,25,16,米ヒバ,79.18552036,0.38600729729729744,0.23949482625482632,0.19639320463320473,0.06106230769230771,0.012456640926640925,-0.018283798449612382
1633,26,16,米ヒバ,76.47058824,0.3793370656370654,0.23347386100386092,0.1913326640926642,0.05728042307692305,0.009605444015444015,-0.02078899224806201
1634,27,16,米ヒバ,74.2081448,0.3733914285714286,0.22802316602316602,0.18680208494208506,0.0539188076923077,0.007189305019305017,-0.02276678294573644
1635,28,16,米ヒバ,71.49321267,0.3682277220077222,0.22268312741312749,0.1823483783783784,0.050641269230769226,0.004737220077220078,-0.024890697674418597
1636,29,16,米ヒバ,69.23076923,0.3631137451737452,0.21765467181467182,0.17812818532818517,0.04746184615384615,0.0022184169884169845,-0.027198953488372077
1637,30,16,米ヒバ,66.96832579,0.35774111969112,0.21282575289575295,0.1741247104247104,0.04448892307692306,-0.00010880308880308676,-0.02927058139534884
1638,31,16,米ヒバ,64.25339367,0.3530039382239383,0.20812223938223942,0.1702429343629344,0.04164630769230768,-0.00230498069498069,-0.03123174418604652
1639,32,16,米ヒバ,61.99095023,0.3484876447876446,0.20348123552123545,0.16642166023166027,0.03889607692307693,-0.004429420849420845,-0.033162015503875965
1640,33,16,米ヒバ,60.18099548,0.34278907335907344,0.19873220077220083,0.1625158301158301,0.0362191153846154,-0.006372123552123548,-0.03480220930232559
1641,34,16,米ヒバ,57.91855204,0.33739555984556013,0.19411077220077222,0.1587038610038611,0.03357553846153844,-0.008350308880308882,-0.036529147286821696
1642,35,16,米ヒバ,55.6561086,0.3325087258687261,0.1894865250965252,0.15484262548262556,0.03086119230769231,-0.010446332046332052,-0.03839042635658913
1643,36,16,米ヒバ,54.29864253,0.3276013127413126,0.18493397683397686,0.15105289575289574,0.028223076923076924,-0.012467722007721995,-0.04018294573643413
1644,37,16,米ヒバ,52.0361991,0.3217181467181467,0.18019559845559835,0.14711193050193044,0.02548157692307692,-0.014554324324324316,-0.041913565891472895
1645,38,16,米ヒバ,50.22624434,0.317387142857143,0.1755878378378379,0.14323034749034758,0.022720000000000008,-0.016812934362934365,-0.0440696899224806
1646,39,16,米ヒバ,48.41628959,0.31183918918918924,0.17091992277992282,0.13934181467181458,0.019999923076923085,-0.018901660231660237,-0.04585248062015504
1647,40,16,米ヒバ,46.15384615,0.30690474903474896,0.1662960231660231,0.13542281853281865,0.017209846153846155,-0.02118223938223938,-0.04792883720930229
1648,41,16,米ヒバ,44.3438914,0.3012464478764479,0.16153135135135144,0.13139544401544395,0.014349961538461534,-0.023479189189189183,-0.04998957364341087
1649,42,16,米ヒバ,42.98642534,0.2957857915057914,0.15680297297297302,0.127373861003861,0.011461576923076927,-0.025810231660231664,-0.05209736434108526
1650,43,16,米ヒバ,41.17647059,0.2906071428571429,0.1520865250965251,0.12335023166023164,0.00853576923076923,-0.028291351351351374,-0.05440720930232556
1651,44,16,米ヒバ,39.81900452,0.28508069498069505,0.14746544401544406,0.11940934362934362,0.005721846153846154,-0.030530579150579155,-0.05637906976744186
1652,45,16,米ヒバ,38.00904977,0.2797303088803087,0.14273185328185323,0.11535833976833984,0.0027835384615384723,-0.03298208494208495,-0.05864651162790695
1653,46,16,米ヒバ,36.65158371,0.27396810810810807,0.13801876447876443,0.11127521235521232,-0.00022207692307693092,-0.03554177606177608,-0.06101472868217058
1654,47,16,米ヒバ,35.29411765,0.2684947490347491,0.1333296525096526,0.10722084942084943,-0.0032075384615384487,-0.03807084942084943,-0.06337170542635662
1655,48,16,米ヒバ,33.93665158,0.2628681467181467,0.12878204633204626,0.1032644401544402,-0.006097615384615388,-0.04047741312741315,-0.06552852713178295
1656,49,16,米ヒバ,32.57918552,0.2570145945945946,0.12422138996139,0.09928003861003856,-0.009051230769230775,-0.04295525096525096,-0.0677984108527132
1657,50,16,米ヒバ,31.22171946,0.2513527413127413,0.11975189189189189,0.09532737451737452,-0.01195803846153847,-0.04544034749034749,-0.07009488372093026
1658,51,16,米ヒバ,29.86425339,0.24546984555984566,0.11506837837837836,0.0913165637065637,-0.014773961538461547,-0.047725328185328174,-0.07207616279069767
1659,52,16,米ヒバ,28.95927602,0.2394850965250965,0.11044285714285722,0.087417722007722,-0.017417384615384616,-0.049741235521235515,-0.07370058139534888
1660,53,16,米ヒバ,27.60180995,0.23328490347490352,0.10566104247104247,0.08337138996139001,-0.02022850000000001,-0.05192702702702703,-0.07551321705426364
1661,54,16,米ヒバ,26.69683258,0.2279128185328185,0.10141359073359067,0.07976934362934354,-0.022850076923076928,-0.05402988416988415,-0.0773725581395349
1662,55,16,米ヒバ,25.7918552,0.22230301158301163,0.09695980694980694,0.07597030888030884,-0.025727000000000003,-0.056432548262548274,-0.07961775193798448
1663,56,16,米ヒバ,24.88687783,0.21712876447876453,0.09283494208494208,0.07235189189189195,-0.028568384615384603,-0.05889637065637066,-0.08202689922480616
1664,57,16,米ヒバ,23.07692308,0.2121477992277993,0.08880444015444018,0.06880637065637066,-0.031370230769230796,-0.061348146718146694,-0.08436682170542636
1665,58,16,米ヒバ,23.07692308,0.2078501544401544,0.08552664092664096,0.06586463320463327,-0.03369711538461537,-0.06336301158301154,-0.08627151162790694
1666,59,16,米ヒバ,22.62443439,0.2034140540540541,0.08212428571428569,0.06279509652509646,-0.036096153846153875,-0.06549853281853282,-0.08828162790697673
1667,60,16,米ヒバ,21.71945701,0.19945992277992275,0.07919853281853279,0.060213204633204606,-0.03802649999999998,-0.06711335907335908,-0.08967488372093026
1668,61,16,米ヒバ,21.26696833,0.1956872200772201,0.07654791505791507,0.05772942084942088,-0.03997142307692305,-0.06887949806949809,-0.09130414728682165
1669,62,16,米ヒバ,20.81447964,0.19085444015444028,0.07328957528957526,0.054670733590733524,-0.042396538461538485,-0.07111146718146717,-0.09342131782945735
1670,63,16,米ヒバ,20.36199095,0.1855462548262549,0.0699325482625483,0.051613629343629355,-0.04478134615384614,-0.0731996911196911,-0.09534957364341083
1671,64,16,米ヒバ,19.90950226,0.18148953667953674,0.06671725868725865,0.048743706563706524,-0.047027038461538447,-0.0752651737451737,-0.09726251937984494
1672,65,16,米ヒバ,19.45701357,0.17711772200772202,0.06361544401544404,0.046002586872586834,-0.049138884615384605,-0.0771857528957529,-0.09907286821705431
1673,66,16,米ヒバ,19.45701357,0.17372667953667956,0.060966177606177646,0.04363660231660231,-0.050954769230769276,-0.07890077220077227,-0.10075406976744179
1674,67,16,米ヒバ,19.00452489,0.1705854440154441,0.058678069498069495,0.04155911196911194,-0.05254126923076922,-0.0803386486486486,-0.10213403100775188
1675,68,16,米ヒバ,18.5520362,0.16780478764478762,0.0567492277992278,0.0397157142857143,-0.053947192307692286,-0.08166544401544405,-0.10344992248062021
1676,1,17,ベイマツ,138.8888889,1.3375863706563702,1.100621737451737,1.0533137065637068,0.7043866153846157,0.51473583011583,0.4253214341085275
1677,2,17,ベイマツ,133.3333333,1.227102316602317,1.0121374131274135,0.9655887644787643,0.6548969615384618,0.4885740540540539,0.40489736434108536
1678,3,17,ベイマツ,128.5185185,1.1055743629343626,0.9126880694980698,0.8604449034749037,0.5929715769230767,0.4488757915057915,0.37217178294573605
1679,4,17,ベイマツ,124.8148148,0.9373282239382246,0.7673102702702708,0.7129497683397688,0.498234423076923,0.3832563706563705,0.31776368217054274
1680,5,17,ベイマツ,120.7407407,0.8185223552123555,0.6531612741312738,0.5948846332046333,0.4048729230769229,0.3072635521235521,0.2509726744186045
1681,6,17,ベイマツ,117.037037,0.7178400000000004,0.5528949806949809,0.490903474903475,0.31614765384615395,0.2316784555984555,0.18301627906976733
1682,7,17,ベイマツ,113.3333333,0.6505391891891894,0.48300621621621626,0.41943370656370677,0.2514023461538462,0.17496718146718152,0.131067984496124
1683,8,17,ベイマツ,109.6296296,0.6185248648648645,0.44514247104247073,0.38112776061776055,0.2103851923076923,0.1361742857142858,0.09421519379844961
1684,9,17,ベイマツ,106.2962963,0.6022147876447874,0.4228084555984558,0.35825915057915036,0.18319196153846148,0.10966803088803087,0.0686752713178295
1685,10,17,ベイマツ,103.3333333,0.5873169111969109,0.40357691119691114,0.33869517374517394,0.16006799999999996,0.0877393436293436,0.04768527131782947
1686,11,17,ベイマツ,99.62962963,0.5773388416988423,0.3913581081081082,0.3264581853281853,0.14370973076923066,0.0716454054054054,0.03199341085271318
1687,12,17,ベイマツ,96.66666667,0.571071814671814,0.3824925096525095,0.3181418532818532,0.13304842307692308,0.06104073359073355,0.02132914728682172
1688,13,17,ベイマツ,93.7037037,0.5644835135135137,0.37560262548262546,0.3116142471042473,0.1258989230769231,0.05420972972972972,0.014313720930232553
1689,14,17,ベイマツ,91.11111111,0.5607318918918915,0.37168830115830126,0.3083069884169885,0.12197903846153854,0.05009938223938226,0.009783798449612408
1690,15,17,ベイマツ,88.51851852,0.5569724710424712,0.3684795752895755,0.305618494208494,0.11892053846153847,0.04698177606177604,0.006345852713178295
1691,16,17,ベイマツ,85.55555556,0.5539359845559846,0.36528301158301135,0.30300166023166014,0.116347,0.04441961389961391,0.003472170542635661
1692,17,17,ベイマツ,82.96296296,0.5506811196911197,0.36192119691119706,0.3003039768339771,0.11400561538461544,0.042262509652509654,0.001055348837209302
1693,18,17,ベイマツ,80.74074074,0.5468700386100384,0.35859625482625507,0.297603359073359,0.111836076923077,0.0404134362934363,-0.0009497286821705427
1694,19,17,ベイマツ,78.14814815,0.5426510038610041,0.35516613899613886,0.2948521235521235,0.10979976923076926,0.038795135135135134,-0.0026315891472868213
1695,20,17,ベイマツ,75.92592593,0.5397987644787645,0.3518038996138997,0.2921859073359074,0.10774819230769228,0.037113938223938214,-0.004432364341085271
1696,21,17,ベイマツ,73.33333333,0.5356050193050197,0.3479549034749036,0.28913003861003883,0.10560750000000003,0.035514401544401504,-0.005991937984496121
1697,22,17,ベイマツ,70.74074074,0.5306032046332048,0.3436825482625482,0.2857682239382239,0.10340861538461535,0.034019150579150566,-0.007317209302325582
1698,23,17,ベイマツ,68.88888889,0.5266430888030886,0.3395664092664094,0.2826152895752894,0.10132996153846159,0.03270861003861003,-0.008487868217054266
1699,24,17,ベイマツ,66.66666667,0.5220323552123552,0.33487127413127404,0.27891656370656387,0.0989541153846154,0.031182972972972973,-0.009819263565891478
1700,25,17,ベイマツ,64.44444444,0.5169682625482626,0.32991749034749024,0.274961737451737,0.0963842307692308,0.029506023166023153,-0.011218178294573635
1701,26,17,ベイマツ,62.22222222,0.511328416988417,0.3251569498069497,0.2712004247104247,0.09394346153846157,0.02798158301158302,-0.012451976744186046
1702,27,17,ベイマツ,60.0,0.5066759845559847,0.3205958301158302,0.2675737451737452,0.09161153846153848,0.02651945945945946,-0.013673914728682178
1703,28,17,ベイマツ,58.51851852,0.5016255598455598,0.31593861003861007,0.26391498069498076,0.08931353846153853,0.02511250965250966,-0.014780813953488374
1704,29,17,ベイマツ,56.2962963,0.49788756756756786,0.31139536679536683,0.26031814671814685,0.08702119230769231,0.023629575289575294,-0.016039806201550388
1705,30,17,ベイマツ,54.81481481,0.4924889961389958,0.30688961389961406,0.256789498069498,0.08480465384615385,0.022302471042471052,-0.017080968992248056
1706,31,17,ベイマツ,52.22222222,0.48795756756756775,0.30259884169884166,0.2534402702702703,0.08269457692307693,0.021070115830115848,-0.018000193798449603
1707,32,17,ベイマツ,51.11111111,0.4826404633204631,0.2982621235521236,0.25001505791505785,0.08052161538461543,0.01980247104247105,-0.018949689922480622
1708,33,17,ベイマツ,48.88888889,0.4784087644787645,0.294016138996139,0.24669617760617768,0.07839438461538463,0.01856297297297298,-0.019915503875968993
1709,34,17,ベイマツ,47.40740741,0.47456714285714285,0.290040579150579,0.24356752895752892,0.07641496153846154,0.017368610038610035,-0.020900813953488383
1710,35,17,ベイマツ,45.55555556,0.470254285714286,0.2861524324324326,0.24049019305019306,0.07448723076923078,0.016211505791505782,-0.021716317829457366
1711,36,17,ベイマツ,44.07407407,0.46579455598455605,0.28248849420849437,0.237573359073359,0.07264107692307695,0.015090308880308887,-0.02264081395348838
1712,37,17,ベイマツ,42.59259259,0.46235054054054003,0.27883389961389954,0.23469637065637058,0.0707988846153846,0.013890270270270268,-0.02361399224806202
1713,38,17,ベイマツ,41.11111111,0.45802849420849406,0.27512942084942094,0.23181710424710417,0.06901415384615389,0.012838262548262544,-0.02440655038759691
1714,39,17,ベイマツ,39.25925926,0.45419891891891895,0.27133104247104256,0.2288359845559846,0.06710807692307691,0.011620347490347486,-0.025424302325581388
1715,40,17,ベイマツ,37.77777778,0.4495566795366796,0.26733169884169883,0.22571590733590732,0.06512915384615385,0.01037980694980695,-0.02642093023255816
1716,41,17,ベイマツ,36.66666667,0.4449043243243242,0.2632071428571429,0.22252108108108123,0.06310273076923074,0.009131814671814668,-0.027372403100775194
1717,42,17,ベイマツ,34.81481481,0.44073034749034745,0.2590952509652511,0.21933555984556002,0.061056,0.007833166023166027,-0.028402829457364335
1718,43,17,ベイマツ,33.7037037,0.435564247104247,0.25498440154440144,0.21609590733590728,0.05897588461538458,0.006478223938223937,-0.029469341085271303
1719,44,17,ベイマツ,32.22222222,0.4317953667953672,0.2509419691119692,0.21298953667953668,0.05695249999999999,0.005114401544401546,-0.03063282945736434
1720,45,17,ベイマツ,30.74074074,0.42667355212355235,0.24680667953667967,0.20979042471042483,0.054899307692307664,0.0038152509652509647,-0.03161813953488376
1721,46,17,ベイマツ,30.0,0.4220347490347488,0.2426681467181466,0.20659783783783786,0.05285457692307692,0.002485444015444018,-0.03270445736434109
1722,47,17,ベイマツ,28.51851852,0.4173442471042468,0.23845034749034758,0.20331930501930515,0.0507360769230769,0.0010538610038610008,-0.03390620155038761
1723,48,17,ベイマツ,26.66666667,0.4128403474903475,0.23425393822393833,0.20009945945945967,0.048645769230769215,-0.0003873359073359159,-0.03512112403100777
1724,49,17,ベイマツ,25.92592593,0.40908490347490367,0.23035575289575283,0.19704945945945962,0.04660684615384616,-0.0018097297297297223,-0.03630980620155035
1725,50,17,ベイマツ,24.81481481,0.40420073359073383,0.22649930501930493,0.19406316602316592,0.04465273076923078,-0.0031440540540540497,-0.03742992248062012
1726,51,17,ベイマツ,23.7037037,0.3999580694980695,0.2225885714285715,0.1910128185328184,0.04266811538461538,-0.004487915057915064,-0.03850616279069767
1727,52,17,ベイマツ,22.22222222,0.39566532818532824,0.2187405405405406,0.18812698841698836,0.041011076923076914,-0.005425830115830115,-0.03912015503875971
1728,53,17,ベイマツ,21.48148148,0.3906807335907336,0.21498760617760604,0.18538629343629334,0.039598230769230795,-0.005983976833976826,-0.039165852713178295
1729,54,17,ベイマツ,20.37037037,0.3871142084942084,0.21160416988416983,0.18295509652509648,0.03818107692307693,-0.006734787644787642,-0.039533178294573666
1730,55,17,ベイマツ,19.25925926,0.38312598455598473,0.20840698841698838,0.1804783011583011,0.036555153846153834,-0.007804324324324319,-0.04036841085271315
1731,56,17,ベイマツ,18.51851852,0.379518803088803,0.2051319305019306,0.17777660231660242,0.03458596153846154,-0.009405212355212363,-0.04182934108527131
1732,57,17,ベイマツ,17.77777778,0.37547208494208495,0.20179328185328188,0.17510517374517362,0.03284919230769231,-0.010661544401544387,-0.04286228682170538
1733,58,17,ベイマツ,16.66666667,0.37072799227799225,0.19835679536679537,0.17232185328185332,0.03092507692307694,-0.01211501930501931,-0.04412372093023258
1734,59,17,ベイマツ,15.92592593,0.366467644787645,0.19493123552123542,0.16946756756756767,0.02880430769230769,-0.013876486486486503,-0.04574581395348839
1735,60,17,ベイマツ,15.18518519,0.36222656370656375,0.19141664092664099,0.1665022393822394,0.026537000000000012,-0.015843127413127402,-0.047640465116279083
1736,61,17,ベイマツ,14.44444444,0.35821208494208473,0.18785424710424714,0.16350150579150577,0.024227038461538463,-0.01783675675675677,-0.04961089147286822
1737,62,17,ベイマツ,13.7037037,0.3538971814671814,0.18436783783783786,0.16062428571428572,0.022079307692307697,-0.019614826254826242,-0.051298953488372094
1738,63,17,ベイマツ,12.96296296,0.34918922779922745,0.18093787644787646,0.15780606177606174,0.01999796153846154,-0.021310965250965257,-0.05286426356589146
1739,64,17,ベイマツ,12.22222222,0.3454598841698842,0.1776742857142857,0.15514590733590738,0.018015384615384617,-0.022969845559845572,-0.054431279069767455
1740,65,17,ベイマツ,11.85185185,0.34094656370656395,0.1744965250965252,0.15248552123552117,0.01608607692307692,-0.024516833976833977,-0.055809689922480615
1741,66,17,ベイマツ,11.48148148,0.336737915057915,0.17148285714285713,0.14997092664092665,0.014261692307692307,-0.02600177606177606,-0.057179224806201565
1742,67,17,ベイマツ,10.74074074,0.33314976833976817,0.1685311196911197,0.14752169884169897,0.012496038461538466,-0.02745262548262548,-0.05852271317829457
1743,68,17,ベイマツ,10.37037037,0.3289105019305019,0.16571424710424704,0.1451965250965251,0.010818230769230759,-0.02876988416988416,-0.05971337209302326
1744,69,17,ベイマツ,9.62962963,0.32585617760617785,0.16302934362934351,0.14299891891891897,0.009203846153846151,-0.030103166023166008,-0.06089922480620157
1745,70,17,ベイマツ,9.259259259,0.3219289189189188,0.16055806949806953,0.14101324324324324,0.007792423076923075,-0.031180193050193046,-0.06188050387596902
1746,71,17,ベイマツ,8.888888889,0.32014162162162163,0.15888046332046338,0.13978606177606165,0.006914115384615373,-0.0319226640926641,-0.06258790697674416
1747,72,17,ベイマツ,8.148148148,0.3179415830115831,0.15763764478764483,0.13884745173745175,0.006267615384615384,-0.03230826254826256,-0.06281015503875972
1748,73,17,ベイマツ,8.148148148,0.3164044787644789,0.1560674131274132,0.13773447876447875,0.005442538461538455,-0.03300444015444018,-0.06351658914728678
1749,74,17,ベイマツ,7.777777778,0.31371776061776074,0.15443447876447872,0.1366088803088803,0.004730653846153842,-0.033449266409266404,-0.0638122093023256
1750,75,17,ベイマツ,7.407407407,0.31220861003861,0.1531560231660231,0.13568262548262555,0.004061307692307688,-0.03395683397683398,-0.06428627906976743
1751,76,17,ベイマツ,7.037037037,0.31063814671814666,0.15197498069498067,0.1347918532818532,0.0034241923076923034,-0.034386023166023155,-0.06466499999999999
1752,77,17,ベイマツ,6.666666667,0.3087706563706565,0.15097579150579152,0.13404119691119698,0.002931499999999992,-0.034674710424710396,-0.06483527131782948
1753,78,17,ベイマツ,6.296296296,0.3072268339768342,0.15004277992277992,0.1332947490347492,0.0024412692307692295,-0.03498262548262546,-0.06505717054263564
1754,79,17,ベイマツ,5.925925926,0.30643270270270256,0.14927868725868734,0.13272262548262548,0.0020667307692307665,-0.03525640926640924,-0.06532027131782941
1755,80,17,ベイマツ,5.555555556,0.3056652123552122,0.1485558687258688,0.13216432432432432,0.001683230769230771,-0.03556494208494208,-0.06563054263565893
1756,81,17,ベイマツ,5.555555556,0.3045232046332045,0.14796729729729735,0.13168698841698853,0.0014106538461538484,-0.03570830115830115,-0.06569941860465117
1757,82,17,ベイマツ,5.185185185,0.30407455598455607,0.1475081853281853,0.13135749034749045,0.0012131538461538547,-0.035883976833976844,-0.06590294573643407
1758,83,17,ベイマツ,4.814814815,0.30310185328185346,0.1471171428571429,0.1310599999999999,0.0010661153846153917,-0.035906177606177585,-0.06588286821705429
1759,84,17,ベイマツ,4.814814815,0.302530501930502,0.14681648648648654,0.13085084942084932,0.0009448461538461464,-0.03598698841698844,-0.06596069767441859
1760,85,17,ベイマツ,4.444444444,0.3019009266409265,0.14645575289575283,0.1305832046332045,0.0008095000000000089,-0.0360088030888031,-0.06593236434108526
1761,86,17,ベイマツ,4.074074074,0.3012915057915059,0.14621822393822395,0.1304254440154441,0.0007678461538461407,-0.035970617760617773,-0.06577903100775193
1762,87,17,ベイマツ,4.074074074,0.3007876447876448,0.14596111969111966,0.1302694208494209,0.0007576153846153943,-0.035903011583011554,-0.06569449612403104
1763,88,17,ベイマツ,3.703703704,0.3007055212355212,0.14584347490347488,0.13028664092664088,0.0009849999999999974,-0.03552830115830115,-0.06520244186046509
1764,89,17,ベイマツ,2.962962963,0.3006383783783784,0.14584343629343632,0.13041675675675682,0.0012956153846153833,-0.035049536679536704,-0.06455825581395348
1765,90,17,ベイマツ,3.333333333,0.3002725482625483,0.14578065637065632,0.13046301158301157,0.0015072307692307633,-0.03472100386100387,-0.06414031007751937
1766,91,17,ベイマツ,3.333333333,0.2997399227799228,0.14561718146718153,0.13044150579150576,0.0016747307692307725,-0.034416525096525125,-0.0636856201550388
1767,92,17,ベイマツ,2.962962963,0.29981725868725867,0.14570818532818525,0.13057108108108112,0.001900807692307699,-0.03411710424710425,-0.06331511627906972
1768,93,17,ベイマツ,2.592592593,0.3005430115830114,0.1460142857142857,0.1308454054054054,0.002107153846153847,-0.033923513513513526,-0.06309116279069767
1822,1,19,ホワイトオーク,84.88372093,0.9669585714285721,0.8115074517374516,0.772213513513514,0.4847246923076923,0.3333244401544396,0.2591357364341085
1823,2,19,ホワイトオーク,79.65116279,0.5720191891891891,0.47015749034749094,0.42607254826254837,0.2707276538461541,0.1903152509652509,0.14274213178294576
1824,3,19,ホワイトオーク,75.87209302,0.5271317374517374,0.42267027027027027,0.37449274131274135,0.22860761538461544,0.15550382239382243,0.11235445736434113
1825,4,19,ホワイトオーク,72.09302326,0.49211266409266385,0.38277166023166,0.33221845559845564,0.18912192307692313,0.12099459459459455,0.08178298449612402
1826,5,19,ホワイトオーク,68.31395349,0.44221366795366795,0.3292555212355211,0.278867915057915,0.1394859230769231,0.07711575289575287,0.042381162790697695
1827,6,19,ホワイトオーク,64.8255814,0.3946779922779925,0.2810252895752894,0.23235528957528948,0.09596400000000004,0.03883702702702703,0.007921937984496122
1828,7,19,ホワイトオーク,61.62790698,0.36777861003861007,0.25410803088803097,0.20731467181467164,0.07317484615384615,0.019352355212355205,-0.009440348837209303
1829,8,19,ホワイトオーク,58.72093023,0.34499694980694984,0.23133818532818534,0.1865243243243242,0.05510080769230765,0.00406864864864865,-0.023177829457364338
1830,9,19,ホワイトオーク,55.81395349,0.3089527027027028,0.19742293436293426,0.15687440154440135,0.033725499999999985,-0.01209370656370656,-0.037004379844961244
1831,10,19,ホワイトオーク,53.19767442,0.28610274131274155,0.17323702702702706,0.13546741312741323,0.017441153846153846,-0.02442918918918918,-0.047493875968992245
1832,11,19,ホワイトオーク,50.58139535,0.27038389961389975,0.15642718146718143,0.1213011969111969,0.006364076923076921,-0.032663281853281836,-0.054275968992248055
1833,12,19,ホワイトオーク,48.25581395,0.2671851351351351,0.15269436293436295,0.1181985714285714,0.003334884615384609,-0.03509984555984556,-0.056325426356589166
1834,13,19,ホワイトオーク,46.22093023,0.26392992277992267,0.14894934362934364,0.11516625482625481,0.0006380769230769202,-0.03719857142857144,-0.058111279069767464
1835,14,19,ホワイトオーク,44.18604651,0.2638399613899613,0.1477127413127413,0.11413803088803082,-0.0009756923076923229,-0.03859000000000001,-0.059257558139534865
1836,15,19,ホワイトオーク,41.86046512,0.24808301158301144,0.13184969111969108,0.1020515057915059,-0.00858242307692308,-0.04341718146718146,-0.06285573643410848
1837,16,19,ホワイトオーク,39.8255814,0.250114749034749,0.1331830501930502,0.10299548262548269,-0.008540884615384615,-0.04342177606177608,-0.06269519379844964
1838,17,19,ホワイトオーク,38.37209302,0.24550084942084946,0.12834467181467182,0.09952552123552122,-0.010612653846153834,-0.04468980694980694,-0.06357391472868217
1839,18,19,ホワイトオーク,36.3372093,0.24454355212355194,0.12699594594594601,0.09866250965250963,-0.011328230769230771,-0.0451130888030888,-0.06381135658914724
1840,19,19,ホワイトオーク,34.88372093,0.24354027027027036,0.12489235521235525,0.09728204633204628,-0.012314846153846145,-0.045632509652509666,-0.06406089147286821
1841,20,19,ホワイトオーク,33.43023256,0.24645992277992299,0.12741671814671812,0.09918486486486486,-0.011374269230769224,-0.044893629343629345,-0.06335197674418605
1842,21,19,ホワイトオーク,32.26744186,0.2457138610038609,0.12654586872586868,0.09884262548262547,-0.01150723076923076,-0.04468084942084943,-0.06288701550387597
1843,22,19,ホワイトオーク,30.81395349,0.24661826254826275,0.1274854054054054,0.09972868725868733,-0.01100749999999999,-0.043982239382239434,-0.06200705426356595
1844,23,19,ホワイトオーク,29.36046512,0.24650335907335894,0.12597482625482623,0.09879316602316596,-0.011640538461538452,-0.044318532818532826,-0.06222593023255812
1845,24,19,ホワイトオーク,28.48837209,0.24635119691119686,0.12539374517374513,0.09852150579150584,-0.01167561538461538,-0.04410482625482625,-0.0618418604651163
1846,25,19,ホワイトオーク,27.3255814,0.246823166023166,0.12552335907335907,0.09897428571428568,-0.011310384615384616,-0.04342521235521237,-0.06096054263565891
1847,26,19,ホワイトオーク,26.45348837,0.2470317760617761,0.1253221621621621,0.09911254826254824,-0.011102,-0.04295571428571423,-0.06033232558139535
1848,27,19,ホワイトオーク,25.29069767,0.24712637065637078,0.12482857142857139,0.0990671042471042,-0.011048269230769237,-0.04265196911196909,-0.059843410852713164
1849,28,19,ホワイトオーク,24.70930233,0.24602741312741316,0.12328938223938224,0.09818289575289572,-0.01141638461538461,-0.04276741312741314,-0.05985585271317833
1850,29,19,ホワイトオーク,23.54651163,0.24700783783783783,0.12340671814671818,0.0988451351351351,-0.010943807692307708,-0.04200305019305017,-0.05886003875968992
1851,30,19,ホワイトオーク,22.96511628,0.24922652509652518,0.12487872586872584,0.10020691119691122,-0.010121653846153834,-0.04123204633204631,-0.05806441860465113
1852,31,19,ホワイトオーク,22.09302326,0.2500010424710426,0.12484525096525095,0.10049436293436297,-0.009886615384615362,-0.04085096525096527,-0.05756209302325582
1853,32,19,ホワイトオーク,21.51162791,0.2505266023166025,0.12542764478764482,0.10119501930501928,-0.009428307692307694,-0.04030011583011581,-0.05695883720930234
1854,33,19,ホワイトオーク,20.63953488,0.25098042471042453,0.12516949806949804,0.1013584942084942,-0.009166923076923059,-0.039790154440154435,-0.05626670542635662
1855,34,19,ホワイトオーク,20.05813953,0.2519471428571428,0.1255402702702703,0.1019788803088803,-0.008672730769230756,-0.03909853281853282,-0.05544794573643411
1856,35,19,ホワイトオーク,19.18604651,0.2526985328185329,0.12486104247104245,0.10182806949806948,-0.008727192307692288,-0.039011081081081055,-0.05537422480620153
1857,36,19,ホワイトオーク,18.89534884,0.2540937837837837,0.1260232432432432,0.10293760617760614,-0.008074807692307678,-0.038305019305019374,-0.054578488372093024
1858,37,19,ホワイトオーク,18.02325581,0.2549191119691121,0.12617459459459457,0.10339239382239385,-0.007612999999999998,-0.037665907335907356,-0.05383174418604652
1859,38,19,ホワイトオーク,17.44186047,0.2557306949806949,0.12642606177606178,0.10395841698841696,-0.007024692307692301,-0.036793513513513475,-0.052754263565891475
1860,39,19,ホワイトオーク,17.15116279,0.25580552123552136,0.12616208494208497,0.10420424710424707,-0.006763500000000026,-0.036228880308880294,-0.051946162790697706
1861,40,19,ホワイトオーク,16.56976744,0.2580344787644787,0.12751467181467172,0.10529837837837838,-0.006183769230769242,-0.03575378378378378,-0.051502170542635624
1862,41,19,ホワイトオーク,15.98837209,0.25875532818532815,0.12760652509652515,0.10565833976833976,-0.0058723461538461525,-0.035247760617760616,-0.050860310077519386
1863,42,19,ホワイトオーク,15.69767442,0.25868579150579146,0.12685637065637065,0.1055058687258687,-0.005770230769230778,-0.03475065637065637,-0.05010790697674418
1864,43,19,ホワイトオーク,14.8255814,0.2598335135135135,0.12742065637065636,0.10619471042471042,-0.005209000000000008,-0.034044015444015426,-0.049272674418604674
1865,44,19,ホワイトオーク,14.53488372,0.2604394594594597,0.1277812741312741,0.10666169884169882,-0.004857807692307683,-0.03361293436293435,-0.04873031007751936
1866,45,19,ホワイトオーク,14.24418605,0.26108208494208496,0.12783,0.10700393822393821,-0.004285769230769234,-0.032876872586872566,-0.047881279069767434
1867,46,19,ホワイトオーク,13.6627907,0.26270146718146703,0.12886038610038614,0.10814934362934363,-0.0034624615384615536,-0.031851467181467155,-0.04662437984496128
1868,47,19,ホワイトオーク,13.37209302,0.2633676447876449,0.12938710424710428,0.10884424710424717,-0.0027496153846153903,-0.030997374517374533,-0.045574883720930236
1869,48,19,ホワイトオーク,13.08139535,0.2643890733590734,0.12976552123552124,0.10940718146718148,-0.0023293076923076865,-0.030426988416988425,-0.04492426356589147
1870,49,19,ホワイトオーク,12.5,0.26508208494208485,0.12977853281853283,0.10968015444015451,-0.002088884615384614,-0.030072084942084958,-0.04450817829457362
1871,50,19,ホワイトオーク,12.20930233,0.2657077220077219,0.13082316602316607,0.11053625482625491,-0.0015748076923076913,-0.029535637065637065,-0.04381193798449614
1872,51,19,ホワイトオーク,12.20930233,0.2664344787644788,0.13117440154440158,0.11092000000000003,-0.0013806153846153775,-0.02936401544401543,-0.04375077519379844
